ì˜ìƒì œëª©,ìœ íŠœë²„,ì¹´í…Œê³ ë¦¬
Bigmode Game Jam 2023, videogamedunkey ,ê²Œì„
I Played in an NBA Game and This Happened..., Jesser ,ê²Œì„
Real Life Squid Game Experience: Hispanic Edition.., Blesiv ,ê²Œì„
Pro Squid Game Players be like:, Kotte Animation ,ê²Œì„
VANNDA - 6 YEARS IN THE GAME FT. AWICH (OFFICIAL MUSIC VIDEO), áœááŸ’ááŠá¶-VannDa Official ,ê²Œì„
"Golden State Warriors vs Atlanta Hawks Full Game Highlights | January 24, 2024 | FreeDawkins", FreeDawkins ,ê²Œì„
Big Game ( Official Video) | Aman Aujla Ft Ritu Jass | Beat Cop | Shiv Chhahar | Team Hit Makers, Team Hit Makers ,ê²Œì„
Sickick - Mind Games (Official Video), SickickMusic ,ê²Œì„
This game was only open for 3 days.., Sketch ,ê²Œì„
Vlad and story about Worms from the game, Vlad and Niki ,ê²Œì„
Squid game face reveal, A-45 ,ê²Œì„
1 Reinhardt with INFINITE ABILITIES vs 5 Bronze Players - Who wins?! (Overwatch 2), Jay3 ,ê²Œì„
PROP HUNT in Fine Dining Restaurant Ruins Friendship in Gmod! (Garry's Mod Multiplayer), Camodo2 ,ê²Œì„
This Undead HAS STYLE! - mass skeleton harrasser - WC3 - Grubby, Grubby ,ê²Œì„
"80ë§Œ ë‹¬ëŸ¬ ì„¬ ìŸíƒˆì „, ë§ˆì§€ë§‰ê¹Œì§€ ì‚´ì•„ë‚¨ì•„ë¼!", MrBeast ,ê²Œì„
Mario Run | Mario Brain Break | Super Mario Games For Kids | GoNoodle, P.E. with Mr. G ,ê²Œì„
PLAYING THE MICKEY MOUSE HORROR GAME..., dakblake ,ê²Œì„
Palworld - You Ignored The STRONGEST Pal In The Game - Best Pal Tips Guide, TagBackTV ,ê²Œì„
Honest Game Trailers | RoboCop: Rogue City, Honest Game Trailers ,ê²Œì„
VANNDA IS A LEGEND! | VANNDA - 6 YEARS IN THE GAME FT. AWICH (OFFICIAL MUSIC VIDEO), Kso Big Dipper ,ê²Œì„
"$456,000ë¥¼ ê±¸ê³  ì‹¤ì œ ì˜¤ì§•ì–´ ê²Œì„ì„ í•´ë³´ì•˜ìŠµë‹ˆë‹¤!", MrBeast ,ê²Œì„
Microsoft FIRE 1900 Activision Blizzard Staff...Survival Game CANCELED!, Stylosa ,ê²Œì„
"San Antonio Spurs vs OKC Thunder Full Game Highlights | January 24, 2024 | FreeDawkins", FreeDawkins ,ê²Œì„
Ramp Car Racing - Car Racing 3D - Android Gameplay, Gaming aadii  ,ê²Œì„
Dina Ayada - Games (Official Lyric Video), Dina Ayada ,ê²Œì„
The Murder Game Revolution That Has Gripped China, People Make Games ,ê²Œì„
The Game - Dreams, The Game ,ê²Œì„
Palworld: 10 Things The Game DOESN'T TELL YOU, gameranx ,ê²Œì„
"Satisfying Mobile Games 2023 - JUICE RUN All Levels Gameplay Walkthrough Android, ios max o5hpd", Cat Games ,ê²Œì„
Squid Game (acapella), MayTree ,ê²Œì„
The Game - Put You On The Game, The Game ,ê²Œì„
The Game - Old English, rtwb17 ,ê²Œì„
Bacon :), ChristianRecs ,ê²Œì„
Falling Into a Big Hole, KeiJayGib Clips ,ê²Œì„
Minecraft secret chest ? #shorts #minecraft, FIRE CRAFT GAMING ,ê²Œì„
I bet none of y'all knew this #minecraft #letsplay #shorts, Rocketmanba ,ê²Œì„
Squid game remake (red light and green light), Runner Studios ,ê²Œì„
I was in a Game Theory Video! #gaming, TheNinjaSlime ,ê²Œì„
Thar 4x4 Jeep Driving Games: Indian Bikes Driving Game 3D - Android Gameplay, DroidGameplaysTV ,ê²Œì„
Wicked Game, Chris Isaak ,ê²Œì„
Ronaldo In Squid Game 2 ğŸ˜ˆ FreeFire animation #shorts, LORD Ahmed ,ê²Œì„
Game night #shorts, The Land Of Boggs ,ê²Œì„
Shipwrecked 64 Is The Most DISTURBING Game I've Ever Played..., GTLive ,ê²Œì„
Squid game ğŸ¦‘ / XO TEAM TikTok  #xoteam #tiktok, XO TEAM SHOW ,ê²Œì„
ì˜¤ì§•ì–´ ê²Œì„ 3ë¶„ ìš”ì•½ [Squid Game 3 minutes summary], ì†Œë§¥ê±°í•€ ,ê²Œì„
FNaF OFFICIAL NEW Game: FNaF Into The Pit Video Game Trailer, ThatEG ,ê²Œì„
SUBWAY SURFERS GAMEPLAY PC HD 2023 - COPENHAGEN - JAKE SUPER SURFER BOARD, APKNo1 - Gaming Channel ,ê²Œì„
Big Game ( Official Video) | Aman Aujla Ft Ritu Jass | Beat Cop | Shiv Chhahar | Team Hit Makers, Team Hit Makers ,ê²Œì„
ì–´ëª½ì–´ìŠ¤ ì• ë‹ˆë©”ì´ì…˜ | All Phases Of Squid Game Doll  |  Among Us Compilation, YZ Animation ,ê²Œì„
Bike Racing Games  #Dirt Motorcycle Race Game #Bike Games 3D For Android #Games To Play, KING GK GAMING ,ê²Œì„
Euro Coach Bus Simulator 2020: City Bus Driving Games - Android Gameplay, DroidGameplaysTV ,ê²Œì„
The Murder Game Revolution That Has Gripped China, People Make Games ,ê²Œì„
The Game - Dreams, The Game ,ê²Œì„
Dina Ayada - Games (Official Lyric Video), Dina Ayada ,ê²Œì„
Squid Game Dolls DESTROY Mario, Funny Animations ,ê²Œì„
No Games, Serani - Topic ,ê²Œì„
Skibidi Toilet Is Calling You | #Shorts, Baby Monster School ,ê²Œì„
Fun Girl Care Kids Game -   Princess Gloria Makeup Salon - Frozen Beauty Makeover Games For Girls, MK TeeV ,ê²Œì„
I was in a Game Theory Video! #gaming, TheNinjaSlime ,ê²Œì„
Mario vs the Giant Numberblocks Pregnant Mix Level Up Maze #2 | Game Animation, GM Animation ,ê²Œì„
Wicked Game, Chris Isaak ,ê²Œì„
Chris Isaak - Wicked Game | Subtitulado al EspaÃ±ol, Reviviendo los 80's ,ê²Œì„
Slvsh Cup Snowmass Presented by GoPro â€” Game 7: Kuura Koivisto vs. Ferdinand Dahl | X Games, X Games ,ê²Œì„
Brawl Stars Rank up Squid Game #shorts #brawlstars, ê§à¼’â˜¬NÉ¢È—Êá»…á¹… NÉ¢á»Ä‹ MÄ±á¹…Ò» VÊï¸µÂ²áµâ¸â˜¬à¼’ê§‚ ,ê²Œì„
Carrom Board Game #shorts #games #ytshorts #trending #viral, Hydra Zinoop ,ê²Œì„
"car games 3d car driving free game, car games for android 2021", CV Games ,ê²Œì„
mini tractor wala game ğŸ˜¡, Nemi Shorts ,ê²Œì„
A Fighting Game for EVERYONE | Tekken 7, Maximilian Dood ,ê²Œì„
ARI@WSH: Spider-Man takes in game at Nationals Park, MLB ,ê²Œì„
The perfect game for the Star Wars Xbox!, DKOldies.com ,ê²Œì„
Palworld - You Ignored The STRONGEST Pal In The Game - Best Pal Tips Guide, TagBackTV ,ê²Œì„
"WOLF GAME | â—So miserable! ğŸ˜­Puppies are always abandoned, will they survive  #wolfgame #shorts", Wolf Game ,ê²Œì„
Westside Story, The Game ,ê²Œì„
Battery RunğŸ’¯#shorts #batteryrun #fyp, NORU Gaming ,ê²Œì„
The Game - Stainless [Official Video] ft. Anderson.Paak, The Game ,ê²Œì„
Letâ€™s play a game (Episode 1) ğŸŸ¢ğŸ”´ #Shorts, nobody sausage ,ê²Œì„
Game - Sidhu Moose Wala(Slowed Reverb), Slowlywood ,ê²Œì„
Jet Robot Car Transformation Simulator - Android GamePlay, King Games ,ê²Œì„
SQUID GAME DANCE PARGOY FLO FLA #shorts, TAKUPAZ DANCE CREW ,ê²Œì„
"Best game play at home, Funny family play games for Christmas", Katy Toys ,ê²Œì„
âš ï¸ NEW GADGET ALERT in Talking Tom Hero Dash (NEW GAME TRAILER) ğŸ“¢, Talking Tom ,ê²Œì„
SQUID GAME l Peppa Pig And Friends In The SQUID GAME, Pingo C ,ê²Œì„
Jai Aur Veru (SLOWED+REVERB) Song||CJ GAMERZ, CJ GAMERZ ,ê²Œì„
300 Balloon Popping Challenge Race #game #shorts, Vijay shorts ,ê²Œì„
The Game - Dope Boys ft. Travis Barker (Official Music Video), The Game ,ê²Œì„
"Denver Nuggets vs Indiana Pacers Full Game Highlights | January  23, 2024 | FreeDawkins", FreeDawkins ,ê²Œì„
[SUPERWINGS Game] Select Games | Poo poo Game | Police game | Super Wings Gameplay, Super Wings TV ,ê²Œì„
Funny stress ball game! || Playing time with One More #shorts, One More ,ê²Œì„
"SAB Truck Cars Toys Pretend Play with Power Wheels, Family Fun Game Play 520", SAB Truck Cars ,ê²Œì„
"SQUID GAMES: Honeycomb Challenge with Shinchan, Doraemon, Hulk & Jojo's Bizzare Adventure #shorts", Live Engineer ,ê²Œì„
Counter Terrorist Shoot - Android Gameplay, Touch New Games Android ,ê²Œì„
Sandwich Runner Gameplay NEW GAME Update Top Games VIKSNME, DaKoi ,ê²Œì„
Animation vs. Arcade Games (official), Alan Becker ,ê²Œì„
Diana and Roma play Outdoor Games, Diana and Roma EN ,ê²Œì„
3d Driving Class android game play video || Car Game #gameplay #cargame, Anurag Gaming 59 ,ê²Œì„
The Indiana Jones Game is NOT what you think.., Bombastic ,ê²Œì„
Car Driver & Plane Pilot Simulator #12 - Flight On 4 Planes - Android Gameplay, Android Games ,ê²Œì„
SUBWAY SURFERS GAMEPLAY PC HD 2023 - COPENHAGEN - JAKE SUPER SURFER BOARD, APKNo1 - Gaming Channel ,ê²Œì„
Phoenix Suns vs Dallas Mavericks Full Game Highlights | Jan 24 | 2024 NBA Season, Hooper Highlights ,ê²Œì„
Scary Teacher 3D vs Squid Game Wooden Door Water Sprayer 5 Times Challenge Miss T vs Granny Loser, Scary Teacher Family ,ê²Œì„
SHINCHAN AND FRANKLIN TRIED THE BUMPY ROAD WALLRIDE PARKOUR CHALLENGE GTA 5, Yippi Gaming ,ê²Œì„
Indian DJ Truck || Indian DJ Truck Game || Mobile DJ Truck Game || Hindi Remix Song, THE INDIAN GAMER ,ê²Œì„
Josephine - Game - Official Lyric Video, PanikRecordsTube ,ê²Œì„
ì–´ëª½ì–´ìŠ¤ ì• ë‹ˆë©”ì´ì…˜ | All Phases Of Squid Game Doll  |  Among Us Compilation, YZ Animation ,ê²Œì„
Best Funny Game Ever Played #shorts #gameplay #games, Tootal Gaming 69 ,ê²Œì„
Aarsh Benipal: Back In Game (Official Video Song) | Deep Jandu | New Punjabi Songs 2017 |T-Series, T-Series Apna Punjab ,ê²Œì„
Mario and Sonic at The Olympic Games Tokyo 2020 - All Events Play As Mario, JinnaGaming ,ê²Œì„
GAME : Deep Jandu Ft. SULTAAN (Official Song) Latest Punjabi Songs | Geet MP3, Geet MP3 ,ê²Œì„
Sniper Shot 3D: Offline Gun Shooting Game _ Android GamePlay #4, Nero102 ,ê²Œì„
Ball Game gameplayğŸ¥âš½ğŸ€All Levels Android ios walkthrough update #shorts #games #ballgame #viralshorts, Faizi Android Games ,ê²Œì„
SQUID GAME | GUN SHOT #shorts, PANGAS CHANNEL ,ê²Œì„
Little Kitten Preschool Adventure Educational Games -Play Fun Cute Kitten Pet Care Learning Gameplay, LITTLE KITTEN FRIENDS ,ê²Œì„
"Nintendo's Odd $14,000 Game Boy Color", Macho Nacho Productions ,ê²Œì„
GAME ON - UJJWAL X Sez On The Beat (Official Music Video) | Techno Gamerz, Techno Gamerz ,ê²Œì„
Robot Justice War: Car Jet Transform Game 2023 - Android Gameplay, YB GAMES ,ê²Œì„
(PS5) DAYS GONE - ONE OF THE BEST ZOMBIE GAME EVER MADE | ULTRA Graphics Gameplay [4K 60FPS HDR], Champs Network ,ê²Œì„
ëŸ°ë‹ë§¨ì–‘ì„¸ì°¬ê²Œì„, ëŸ°ë‹ë§¨ - ìŠ¤ë¸ŒìŠ¤ ê³µì‹ ì±„ë„ ,ê²Œì„
New Game Among Us, AK Game ,ê²Œì„
ì–´ëª½ì–´ìŠ¤ ì˜¤ì§•ì–´ ê²Œì„ [ëª°ì•„ë³´ê¸°] Squid Game 1í™”~5í™”, ë•…ì½© Peanut ,ê²Œì„
City Road Construction Games - City Construction Simulator - Android Gameplay #2, Mr.Shivgamer  ,ê²Œì„
"Wedding Planner- Design the Wedding Game- Play Fun Spa,Makeup,Dress Up & Cake Design Games For Girls", KindGaming ,ê²Œì„
Black Myth Wukong - THIS GAME LOOKS PHOTO REALISTIC | ULTRA Graphics Gameplay [4K 60FPS HDR], Champs Network ,ê²Œì„
Mario and Sonic at the Olympic Games Tokyo 2020 - All Events With Mario | JinnaGaming, JinnaGaming ,ê²Œì„
GAME FAIL COMPILATION! (Best Of #400), GameSprout ,ê²Œì„
Subway Princess Runner Game : Princess Run Game 2021 | Android/iOS Gameplay HD, GAMEOSPHERE ,ê²Œì„
"Fishdom ads, Help the Fish Collection 22 Puzzles Mobile Game Trailer", BuddyFun ,ê²Œì„
EXTREME BIKE RACING GAME #Dirt MotorCycle Race Game #Bike Games 3D For Android #Games To Play, ENTERTAINING GAME CHANNEL ,ê²Œì„
Anaya And Family Balloon Popping Game ğŸ˜± Anaya Jyada Hi Intelligent Nikli ğŸ˜‚, Anaya Kandhal ,ê²Œì„
City Train Driver Simulator | Free Train Games | Android Gameplay HD #2, MCJ Games ,ê²Œì„
Los Angeles Lakers vs LA Clippers Full Game Highlights | Jan 23 | 2024 NBA Season, Hooper Highlights ,ê²Œì„
Cyclops | Ranked Game Play | Jin Mobile Legends Bang Bang, Jin ,ê²Œì„
"""It's Just A Video Game"" | In This Shirt (Spoilers Ahead)", Palentro ,ê²Œì„
Hi-Five - I Like the Way (The Kissing Game), HiFiveVEVO ,ê²Œì„
Mother Simulator Game | Baby having fun with mother, Mighty Game Studio ,ê²Œì„
Super Mario Odyssey - Full Game Walkthrough, ProsafiaGaming ,ê²Œì„
Start From Scratch, The Game ,ê²Œì„
The Game - West Side [Official Video], The Game ,ê²Œì„
"Wedding Planner Adventure: Spa, Makeup, Dress Up & Cake Design - Fun Game for Girls", KidsBabyBus HD ,ê²Œì„
San Antonio Spurs vs Philadelphia 76ers Full Game Highlights | Jan 22 | 2024 NBA Season, Hooper Highlights ,ê²Œì„
NEW BLACK MAHINDRA THAR GAME || DOLLAR SONG THAR OFFROAD GAMEPLAY OF THAR IN VILLAGE ||, SB CHHORA GAMING  ,ê²Œì„
POWER OF GAMING WATCH ğŸ˜, OnZan ,ê²Œì„
Diana and Roma learn how to have fun and play different games outside, âœ¿ Kids Diana Show ,ê²Œì„
Cow Mammoth Elephant Tiger Gorilla Guess The Right Door ESCAPE ROOM CHALLENGE Animals Tire Game, Funny Elephant TV ,ê²Œì„
Optimus Prime Multiple Transformation Jet Robot Car Game 2020 - Android Gameplay, DroidGameplaysTV ,ê²Œì„
Train Vs Car Driving Games: Indian Bikes Driving Game 3D - Android Gameplay, DroidGameplaysTV ,ê²Œì„
3D Driving Class - Gas Station Funny Driving Car Games Android Gameplay, Bike Games ,ê²Œì„
Pinkfong The Police | Game Play | Kids App | Pinkfong Game | Pinkfong Kids App Games, Pinkfong Baby Shark - Kids' Songs & Stories ,ê²Œì„
Video Game (Video Game), HeeJin - Topic ,ê²Œì„
Royal Enfield Bullet Bike Driving Games: Indian Bikes Driving Game 3D - Android Gameplay, DroidGameplaysTV ,ê²Œì„
"Fishdom ads, Mini aquarium Help the Fish Collection 20 Mobile Game Trailers New Update", CHUM CHUM TV   ,ê²Œì„
"Nintendo's Odd $14,000 Game Boy Color", Macho Nacho Productions ,ê²Œì„
Zombie 3D Gun Shooter - Fun Free FPS Shooting Game - Virus Town 1-9 - Android gameplay, Oddman Games ,ê²Œì„
à¤¤à¥€à¤¨ Dj Gadi  Sath me Game paly  vo bhi bus simulator Indonesia Game ğŸ˜±Gabar Dj Game#viral #dj, SUKHVEER GAMER ,ê²Œì„
Safari Hunt 2018 (by Timuz Games) Android Gameplay [HD], DroidGameplaysTV ,ê²Œì„
Top 3 Best Indian Games ğŸ˜ğŸ”¥ #shorts #handsomegamer, HandsomeGamer Shorts ,ê²Œì„
"The Game, 50 Cent - Hate It Or Love It (Official Music Video)", The Game ,ê²Œì„
ludo | #shorts #shortsvideo, Game On 4u ,ê²Œì„
Can You Handle My Talking Tom 2? NEW GAME APP (Official Trailer #2), Talking Tom ,ê²Œì„
GAME  (Full Video)  Shooter Kahlon | Sidhu Moose Wala | Hunny PK Films | Gold Media | 5911 Records, 5911 Records ,ê²Œì„
ì˜ˆì¤€ì´ì˜ íŠ¸ëŸ­ ê²Œì„ í”Œë ˆì´ ìë™ì°¨ ì¥ë‚œê° ì¡°ë¦½ë†€ì´ Truck Game Play with Car Toy Assembly, With Kids Playground [ìœ„ë“œí‚¤ì¦ˆ ë†€ì´í„°] ,ê²Œì„
Piggy is coming!, The Awesome Lawsons ,ê²Œì„
GRANNY and Monster's Pit Trap! #shorts, Mihdens ,ê²Œì„
The Game - My Life ft. Lil Wayne (Official Music Video), The Game ,ê²Œì„
Extreme Off-Road on Dirt Quad Bikes Racing game #2 - Offroad Outlaws Best Bike game Android Gameplay, Marjan Gaming ,ê²Œì„
DIYí•  ìˆ˜ ìˆëŠ” ë§¤ìš° ì¬ë¯¸ìˆëŠ” ê²Œì„ ğŸ˜„, Kiwi Show ,ê²Œì„
"Hill Climb Racing - Gameplay Walkthrough Part 1 - Jeep (iOS, Android)", TapGameplay ,ê²Œì„
3D Driving Game - Hyundai SUV Driving! Best Car Game Android Gameplay, eDroidGameplaysTV ,ê²Œì„
Winner Soccer Evo Elite - Brazil Japan 6-0! Football Game Android gameplay, Oddman Games ,ê²Œì„
"LAYER MAN 3D - ASMR Gameplay iOS,Android Walkthrough Pro Game Mobile (Level Up Big Head Man Run)", Xiaku Games ,ê²Œì„
GAME BOOK WHO IS THIS PRINCESS PAPERCRAFT PART 1 ELSA QUEEN, PINKY CHANNEL ,ê²Œì„
The end of the Joker's game #Shorts #trending #spiderman, Highlights Spiderman ,ê²Œì„
Top 10 Games in the worldğŸ˜± #top10 #games #world #freefire #viral #shortsvideo, Call me kkr ,ê²Œì„
Squid game #shorts, Asya Siam ,ê²Œì„
Lion Games Animal Hunting Simulator 3D Fighting Mode, Dave's Gaming ,ê²Œì„
"Play 1000001 Levels Tiktok Mobile Game Number Masters Gameplay iOS,Android Walkthrough Freeplay XGPY", Xiaku Games ,ê²Œì„
Indian Horse Driver Simulator #7 - Helicopter and Bikes Driving - Android Gameplay, Android Games ,ê²Œì„
New TRON BIKE KTM Bike code Indian Bikes Driving 3D New Update -indian bike game 3d code, Droid Factory-Best Android Gameplay ,ê²Œì„
PLAYING AS SUPERMAN IN GRANNY 3!! | Granny 3 (Horror Game), Dracolite ,ê²Œì„
Flying Cessna 172 Airplane and Helicopter in Indian Motorbike Driving Simulator - Android Gameplay., Super Games ,ê²Œì„
Shape-shifting Funny Race Gameplay new hyper casual games #shorts #gameplay #shapeshifting, The iPad Gamer ,ê²Œì„
The RICHEST PLAYER In Game of Life 2!, Jelly ,ê²Œì„
Game Garena Free Fire Android Gameplay #49 (Mobile Player) ğŸ“± Xiaomi Black Shark 2, DroidCheat ,ê²Œì„
"Bus, Police Car and Bike Driving in Open World Game - Android Gameplay", DroidGameplaysTV ,ê²Œì„
"[Jeans' ZINE] Game Day EP.1 007ë¹µ, í…”ë ˆìŠ¤í…Œì´ì…˜ ğŸ•¹ | NewJeans", NewJeans ,ê²Œì„
Temple Run Android Game Giant Monkey, DEV M ,ê²Œì„
REX Dinosaur Hunting Gun Games Android Gameplay #1, iGameplay1224 ,ê²Œì„
Going Balls SpeedRun Gameplay Level 1451-1500, APKNo1 - Gaming Channel ,ê²Œì„
Subway Surfers Gameplay PC - BEST Games, King Games ,ê²Œì„
"Game Recap: Suns 132, Mavericks 109", Motion Station ,ê²Œì„
Bhai n sare games kha liyeğŸ˜€ğŸ¥¹#shorts  #thegeetagurjar, The geeta gurjar ,ê²Œì„
"SAB Truck Cars Toys Pretend Play with Power Wheels, Family Fun Game Play 466", SAB Truck Cars ,ê²Œì„
San Antonio Spurs vs Philadelphia 76ers Full Game Highlights | Jan 22 | 2024 NBA Season, Hooper Highlights ,ê²Œì„
"EXTREME BIKE RACING GAME Dirt Motorcycle Race Game - 3D Bike Games for Android, IOS", KrisGame ,ê²Œì„
SQUID GAME | RED LIGHT GREEN LIGHT SCENE, memebappe  ,ê²Œì„
aespa ì—ìŠ¤íŒŒ 'Savage' Squid Game ver. Dance Practice, aespa ,ê²Œì„
Indian Trucks Simulator || Truck wala game || android truck simulator gameplay #02, eDroidgameplay ,ê²Œì„
"Car Games 3D Stunt Racing Game - Master Car Racing, Mega Ramp Stunts Android GamePlay", CRASH GAMING 2.O ,ê²Œì„
Formula Ramp Car Stunts 3D Game | Android GamePlay FHD - Free Games Download - Cars Games Download, ENTERTAINING GAME CHANNEL ,ê²Œì„
Mr. Bean Joins Squid Game 2, PizzaVerse ,ê²Œì„
"Scary Teacher 3D, Eyes The Horror Game, Granny 2, Room 666, Granny, Slendrina Asylum, Madhouse 13..", Horror Gameplay ,ê²Œì„
UPGRADING NOOB WORM into HACKER in NOOB vs PRO vs HACKER Animal Revolt Battle Simulator SHINCHAN, AMAAN-T GAMING ,ê²Œì„
Motocross Beach Bike Stunt Racing #2 - Motor Racer Game Android Gameplay, Bike Games ,ê²Œì„
Extreme Motorbikes Impossible Stunts Motorcycle #4 - Xtreme Motocross Best Racing Android Gameplay, Marjan Gaming ,ê²Œì„
Mishashi Sensei - GAME (original phonk music), Mishashi Sensei ,ê²Œì„
Dollar song sidhu musewala real Indian new model Blue Thar offroad village driving gameplay PART 5, Mistri Games ,ê²Œì„
Train wala simulator game | Best train driving game  | Train game  |  Android game play, Gamer'z Zone ,ê²Œì„
Shark Robot Car Game - Tornado Robot Bike Games 3D - Android Gameplay, BudyGaming ,ê²Œì„
Vlad and mama play at the game center for children, Vlad and Niki ,ê²Œì„
KTM Bike Indian Bikes Driving 3D New Update -indian bike game 3d code - Best Android IOS Gameplay, Droid Factory-Best Android Gameplay ,ê²Œì„
Amazing Bus Driving From Matale to Kandy | Driving Simulator Srilanka, eDroid Gaming ,ê²Œì„
Fishdom New Mini game  Collections Part 44 | D Lady Ninja#fishdomminigames #doryfish #fishdom, D Lady Ninja ,ê²Œì„
Fun Baby Girl Care Kids Game - Sweet Baby Girl Cleanup 5 - Play Fun Messy House Makeover Cleaning, Penguin Gaming ,ê²Œì„
"360Â° VR, Poppy Playtime - Chapter 1, FULL GAME - Walkthrough, Gameplay, No Commentary, 4K", TheGamerBay ,ê²Œì„
FUN Snake GameğŸ†˜#shorts #snakerun #snakegame #funnyvideo, NORU Gaming ,ê²Œì„
Dop4 Level 27âœ… Help The Police For Crime ğŸ¤” #dop4#gaming#shorts, GAMING ZONE X9 ,ê²Œì„
Taxi Sim 2020 ğŸš–ğŸ‘®â€â™‚ï¸ 4X4 UBER CITY CAR DRIVER GAMES - Car Games 3D Android iOS, Rise of Mobile Games ,ê²Œì„
GaMe (Sidhu Moose Wala) Slowed & Reverb, ROHAAN BADSHAH 1.0 ,ê²Œì„
Heavy Rock Mining Cutter Simulator - Off Road Excavator - Android Gameplay, T9 Gaming ,ê²Œì„
Hayabusa Bike Driving Games: Indian Bikes Driving Game 3D - Android Gameplay, DroidGameplaysTV ,ê²Œì„
The Trust: A Game of Greed | Where Are They Now | Netflix, Netflix ,ê²Œì„
Squid Game (ì˜¤ì§•ì–´ ê²Œì„) Trying Honeycomb Candy Shape Challenge: VR 360Â° Video, Great Animation ,ê²Œì„
LeBron James Forces Game 7 With MASTERFUL 45-PT Performance | NBA Classic Games, NBA ,ê²Œì„
"Top New Funniest Comedy Video 2023, Most Watch Viral Game Funny Video 2023, Episode 210 By My Family", MY FAMILY ,ê²Œì„
Subway Princess Runner Game : Forest 'or' Rail Run | Android/iOS Gameplay HD, GAMEOSPHERE ,ê²Œì„
Impossible Car stunt Game 3D-Car Driving Games ğŸ’¥ Car Racing game Game Play 2022, GAME PLAY ,ê²Œì„
farming tractor game simulator download play store #shorts, Sorif Gamer ,ê²Œì„
Stick Fight Endless Mobile Game || Mastering the Best Strategies for High Scores|| @gamezone, M Arslan Gamerz ,ê²Œì„
Roblox Epic Mini Games! Let's Play with Combo Panda!, Combo Panda ,ê²Œì„
TOP 3 Ultra Realistic GTA 5 Games For Android #shorts #gta5 #gta5mods, FoxerGuys ,ê²Œì„
MAX LEVEL in Merge Rainbow 3D Run Game, AndroKine Gaming ,ê²Œì„
Satisfying Mobile Games ALL LEVELS Playing 1001 Tiktok Gaming Trailer Fat To Fit BA66M181, DaKoi ,ê²Œì„
ì˜ˆì¤€ì´ì˜ ìë™ì°¨ ì¥ë‚œê° ê°œë´‰ë†€ì´ ê²Œì„ í”Œë ˆì´ íŠ¸ëŸ­ë†€ì´ Car Toys Play with Game Play, With Kids[ìœ„ë“œí‚¤ì¦ˆ] ,ê²Œì„
MSNBC Demands Alex Jones Video Game Be Banned On Steam In INSANE Meltdown!, TheQuartering ,ê²Œì„
New Kia SUV Driving In The City - 3D Korean Car Driving Class Simulator #15 - Android Gameplay, Android Games ,ê²Œì„
Stick War Legacy vs Stickman Modern Total War - New Stick War Game 2021 Final Boss New Skins Android, vsGaming ,ê²Œì„
The Game - Let's Ride (Official Music Video), The Game ,ê²Œì„
"Dallas Mavericks vs Boston Celtics Full Game Highlights | January 22, 2024 | FreeDawkins", FreeDawkins ,ê²Œì„
SUPER BIKE GAME PLAY !! SAD GAME PLAY WITH FRIENDS, M R  SOHEL ,ê²Œì„
GHOST DADI SE MILNE CHALA GAYA [The Guest] (Horror Game), BeastBoyShub ,ê²Œì„
Games in my iPhone, Hackermolvi gaming ,ê²Œì„
All Granny Chapters and the Twins Game Over Scenes with Granny and Grandpa, Enormous Gamer ,ê²Œì„
Carâ„¢ (The Game) Is Good, Corax ,ê²Œì„
M3GAN Enters the Squid Game, MelosQuest ,ê²Œì„
"Hill Climb Racing - Gameplay Walkthrough Part 40 - All Cars/Maps (iOS, Android)", TapGameplay ,ê²Œì„
Intha Video game la vilaiyadi irukingala ??ğŸ¤” #harishhatricks #youtubeshorts #comedy #funny #90sgame, Harish hatricks ,ê²Œì„
Zombie Hulk VS Avengers - Squid Game!, Gorgeous Movies ,ê²Œì„
"Cat Runner game|best game Run , jump and collect gold couns ğŸ¤‘", Scorpion ,ê²Œì„
Policeman Ambulance Driver Simulator #2 - Emergency Rescue Truck - Android Gameplay, Android Games ,ê²Œì„
Slvsh Cup Snowmass Presented by GoPro â€” Game 6: Matej Svancer vs. Ferdinand Dahl | X Games, X Games ,ê²Œì„
Scary Teacher 3D Who Faster Run Game with Throw Egg Flying Challenge Miss T vs 4 Neighbor Loser, Scary Teacher Horror ,ê²Œì„
"SQUID GAMES [ TUG OF WAR ] with Shinchan, Jack, Thor, Hulk, Thanos Pikachu & Saitama- Part 2 #shorts", Live Engineer ,ê²Œì„
Leveling - 37+!! Base Building And Catching ALL The Pals, Z1 Gaming ,ê²Œì„
"The Game - Martians Vs. Goblins ft. Lil Wayne, Tyler, the Creator (Official Music Video)", The Game ,ê²Œì„
Minecraft But Villagers Beat the game for you, Craftee ,ê²Œì„
DIY Arts and Crafts at Home Game with Frozen Heroes and Ellie Sparkles, The Ellie Sparkles Show - WildBrain ,ê²Œì„
BRIDGE RACE ANDROID GAMES LEVEL 0.1, RXB GAMEPLAY  ,ê²Œì„
1 Years To 100 Years Shinchan Life ğŸ˜± || Funny Game ğŸ˜‚, Tyro Gaming ,ê²Œì„
ğŸ”´VR 360Â° Can you survive Squid Game red light green light    Roller Coaster, VR 360 TV ,ê²Œì„
Top 3 Indian Open World Games For Android  #shorts #androidgames, Dem Guy Gaming ,ê²Œì„
Thar 4x4 Jeep Driving Games: Indian Bikes Driving Game 3D #2 - Android Gameplay, DroidGameplaysTV ,ê²Œì„
Game On ( Official Video) Harpreet Kalewal | Ashu Sidhu | ğŸ‘ 2021, Hub Recordz ,ê²Œì„
Game - The City ft. Kendrick Lamar, The Game ,ê²Œì„
Donâ€™t Play This Roblox Game Alone #roblox, LastMinit ,ê²Œì„
Game - Red Nation ft. Lil Wayne (Official Music Video), The Game ,ê²Œì„
THIS MICKEY MOUSE GAME IS HORRIFIC. | Captain Willie (Full Game), 8-BitRyan ,ê²Œì„
LTT Game Nerf War : Couple Warriors SEAL X Nerf Guns Fight Crime Braum Crazy Sneak Plan, LTT Game Nerf Guns ,ê²Œì„
synthwave radio ğŸŒŒ - beats to chill/game to, Lofi Girl ,ê²Œì„
Train vs portal trap with game - BeamNG, BeamNg Bus ,ê²Œì„
"""Yd gahreeb bacha aur cricket game"" ğŸ˜­ | Ak ultra", Ak Ultra ,ê²Œì„
Scary Teacher 3D vs Squid Game Challenge To Jump The Right Squares vs 5 Neighbor and Miss T, Scary Teacher Rainbow ,ê²Œì„
We Played Every SECRET GOOGLE GAME!? (FREE Hidden Games!), LankyBox ,ê²Œì„
subway surfers bye bye obunga - Game 3D animation, Banana D. ,ê²Œì„
Funny Family Game - Cutest Baby Family Moment.It's so fun !!! #Funny #challenge #funnyfamily #shorts, Ethan Funny Family ,ê²Œì„
Sweet Baby Girl Superhero Hospital Care Kids Game - Play Fun Princess Care Makeover Games for Girls, PlayCow ,ê²Œì„
!! Real Tractor Trolley Farming Simulator Game !! Swaraj Tractor For Loading !! VR Cartoon TV, VR cartoon TV ,ê²Œì„
Robbery Bob - All Costumes Funny Video Game Part 58, Jeff Tran Official ,ê²Œì„
Hills Of Steel - BE THE BOSS - All 9 Bosses Walkthrough game Android Gameplay, Vereshchak ,ê²Œì„
LTT Game Nerf War : Warriors SEAL X Nerf Guns Fight Gang Destruction Braum Crazy Mercenary Duo, LTT Game Nerf Guns ,ê²Œì„
squid game funny dubbing ğŸ˜‚ | #shorts #funny #blopcutz, BLOP CUTZ ,ê²Œì„
THE SCARIEST SPONGEBOB GAME!!, Techno Gamerz ,ê²Œì„
Zombie Game Over, Mish&Tim ,ê²Œì„
Muscle Car Stunts 2020 - Mega Stunt Ramp Simulator - Android GamePlay #3, King Games ,ê²Œì„
KITTY GAMES   - compilation 11-15 -  Playing a game with Kitten, GetMovies Kids English ,ê²Œì„
"The Game - Celebration ft. Chris Brown, Tyga, Wiz Khalifa, Lil Wayne (Official Music Video)", The Game ,ê²Œì„
Vitaa - Game Over ft. MaÃ®tre Gims, VITAA ,ê²Œì„
How to Make Interactive Bowling Game From Cardboard!," SLICK SLIME SAM - DIY, Comedy, Science ",ê²Œì„
Impossible Car Stunts Driving - Sport Car Racing Simulator 2021 - Android GamePlay, King Games ,ê²Œì„
SANDWICH RUNNER vs PANCAKE RUN vs NOODLE RUN - Triple Game, BEST android GAMES ,ê²Œì„
"GTA 5 : $1 GODZILLA to $1,000,000,000 GOLDEN ANGEL GODZILLA in GTA 5!", Dragon Gaming ,ê²Œì„
Water Gun game ğŸ˜‚ğŸ”«ğŸ’¯ | Blue island #harishhatricks #shorts #youtubeshorts, Harish hatricks ,ê²Œì„
THE STICKMAN MINI GAMES TOURNAMENT Gameplay Walkthrough STICKMAN PARTY Android Game, night gaming ,ê²Œì„
The Best Zombie Game - Days Gone Gameplay #1, Fail Game 2.0 ,ê²Œì„
ğŸ… Christmas ğŸ„ Spot the Difference | Find the Differences | Christmas Picture Puzzle Game, Brain Games & Puzzles ,ê²Œì„
Subway Princess Runner Game : NIGHT MODE Run | Android/iOS Gameplay HD, GAMEOSPHERE ,ê²Œì„
Choose The Right Button Slider Wild Animals Pool Game Cow Dinosaur Elephant Gorilla Game Funny Video, Animal Revolt Battle Tv ,ê²Œì„
Adventure on water game #adventure #shorts, è¹¦æåŒå­¦ ,ê²Œì„
IT Horror Clown ğŸ¤¡ Pennywise - Chapter 1 | Horror Game with Cartoon, Dk Dost ,ê²Œì„
One Night, The Game ,ê²Œì„
New KTM Bike Indian Bikes Driving 3D New Update -indian bike game 3d code - Best Android Gameplay, Droid Factory-Best Android Gameplay ,ê²Œì„
Giant SIRENHEADS in GTA 5 | Siren Head DESTROYS Los Santos | Lovely Gaming, Lovely Gaming ,ê²Œì„
Dollar song sidhu musewala real Indian new model Red Thar offroad village driving gameplay Part 1, Mistri Games ,ê²Œì„
Subway Princess Runner | & charecter princessğŸ‘¸. run game, Scorpion ,ê²Œì„
Modern Tuk Tuk Rickshaw Driving - City Mountain Auto Driver - Android GamePlay, King Games ,ê²Œì„
Parking Frenzy 2.0 3D Game #10 - Car Games Android IOS gameplay #carsgames, Oddman Games ,ê²Œì„
KTM Bike Driving Games: Indian Bikes Driving Game 3D - Android Gameplay, DroidGameplaysTV ,ê²Œì„
Ahead Of The Game, Mark Knopfler ,ê²Œì„
Forza Horizon 5 - Full Game Gameplay Playthrough Longplay (Xbox Series X), Rubhen925 ,ê²Œì„
Playing as Elsa in Scary Teacher 3D Mod Game Update  | Elsa vs Miss T Funny Chapter Game, Hector ,ê²Œì„
Satisfying Mobile Games Playing 99999 Tiktok App Video  Gaming Update 118YNGMKZ, PAPAYA Gamers ,ê²Œì„
The Game - It's Okay (One Blood) ft. Junior Reid (Official Music Video), The Game ,ê²Œì„
Amaira n  kesa game khela ğŸ˜‚ğŸ˜‚#shorts  #thegeetagurjar, The geeta gurjar ,ê²Œì„
Indian bike and car master game, IMRAN 09 GAMINGğŸ¦¾ ,ê²Œì„
Real Fire Truck Driving Simulator 2020 - New Fire Fighting Fireman's Daily Job - Android GamePlay #4, King Games ,ê²Œì„
Subway Princess Runner Game 2021 : Updated Version | Android/iOS Gameplay HD, GAMEOSPHERE ,ê²Œì„
Mr. Meat || Horror story || Gameplay, Guptaji Horror Games ,ê²Œì„
à¤¤à¥à¤® ğŸ”¥ ek GAME ğŸ® à¤•à¥‡ à¤…à¤‚à¤¦à¤° Ho ! -- #virel #youtubeshorts #ytshorts #ad2friends, AD 2 Friends  ,ê²Œì„
Cancelled Batman Game EVERYONE Wanted Finally Detailed!, WhatCulture Gaming ,ê²Œì„
Farm Animal Transport Truck Driving - Pet Zoo Transporter Drive Simulator 3D - Android GamePlay, King Games ,ê²Œì„
Sugar Honeycomb No Blood - Squid Game 2, PopMov ,ê²Œì„
EXTREME BIKE RACING GAME #Dirt MotorCycle Race Game #Bike Games 3D For Android #Games To Play, ENTERTAINING GAME CHANNEL ,ê²Œì„
Scary Teacher 3D vs Squid Game Trying Glass Bridge Challenge Nick and Tani vs Miss T vs 5 Neighbor, Scary Teacher Family ,ê²Œì„
Ford Transit Trip to ThÃ nh Phá»‘ Part 1 | Minibus Simulator Vietnam #6, eDroid Gaming ,ê²Œì„
Beach Guard Ambulance & Helicopter Rescue Flight - Android GamePlay, King Games ,ê²Œì„
13 Types of People in SQUID GAME, JianHao Tan ,ê²Œì„
Train Station Road Construction - Railroad Builder Simulator 2021 - Android GamePlay, King Games ,ê²Œì„
Amazing car game with music playmaster video, Play Master ,ê²Œì„
MAX LEVEL in Merge Gun Run Game, AndroKine Gaming ,ê²Œì„
Cake stack Android Cool Game 01 ğŸ° #shorts, Tom Fan ,ê²Œì„
School Bus Monster Truck Driving - Off The Road Car Simulator #27 - Android Gameplay, Android Games ,ê²Œì„
I Fall Down A Million Stairs! Random World Roblox Online Video Games, CookieSwirlC ,ê²Œì„
I Played Top Trending ğŸ”¥Game On Play Store ğŸ˜¨ | Playing The Top Mobile Games On Playstore #shorts, Sonu Gaming ,ê²Œì„
Motocross Dirt Bike Extreme Off_Road #1 - Offroad Outlaws motor Bike Game Android IOS Gameplay, Venzogaming ,ê²Œì„
Ahead Of The Game, Mark Knopfler ,ê²Œì„
Minecraft but Structures Beat the game for you, Craftee ,ê²Œì„
LD Rampage Girl Innocent assassin attack the enemy | guns game nerf guns battle, LD_Rampage ,ê²Œì„
Police Prado SUV Driving In Pursuit - Policeman Duty Simulator - Android Gameplay, Android Games ,ê²Œì„
Police Job Simulator 2022 - Police Cop's Mercedes Benz G Driving Cars - Android GamePlay #2, King Games ,ê²Œì„
"ë“œë””ì–´ ì¶œì‹œë˜ëŠ” ê·¸ ê²Œì„ë“¤. GTA 6, ì—˜ë“  ë§ DLC ì •ë³´ ìš”ì•½", ì‹œì˜¨ ,ê²Œì„
The Game - It's Okay (One Blood) ft. Junior Reid (Official Music Video), The Game ,ê²Œì„
Tsunami Game in Roblox - Shiva and Kanzo Gameplay, Dk Dost ,ê²Œì„
Countryside Taxi Driver Simulator #2 - Taxi Car Without Roof - Android Gameplay, Android Games ,ê²Œì„
Satisfying Mobile Game Play 5555 Tiktok App Gameplay All Levels Lip Runner, Bim Gameplay ,ê²Œì„
Game, Lize Helesta - Topic ,ê²Œì„
BABY HORROR GAME, Techno Gamerz ,ê²Œì„
3D Car Simulator Game - (Mahindra Bolero) - Driving In India - Car Game Android Gameplay, eDroidGameplaysTV ,ê²Œì„
police thar car cheat code new update in indian bike driving 3d game  ğŸ‘®ğŸ‘®ğŸ‘® ğŸš”ğŸš”ğŸš”ğŸš”, different games ,ê²Œì„
[ASMR|ìŠ¤í†±ëª¨ì…˜] Squid game costumeğŸƒğŸ‘» | Robot Doll | Robot repair | Stop motion, SWITCH* ANIMATION ,ê²Œì„
Trying Game's Like Minecraft â¤, Alok Games ,ê²Œì„
LTT Game Nerf War : Winter Warriors SEAL X Nerf Guns Fight Criminal group Rocket Assassination 2, LTT Game Nerf Guns ,ê²Œì„
Try not to Laugh Game!, ISSEI / ã„ã£ã›ã„ ,ê²Œì„
(PS5) The CRAZIEST extreme sports game of all time | Riders Republic | Ultra High Realistic Graphics, Joy Of Gaming ,ê²Œì„
[ìŠˆí¼ìœ™ìŠ¤ ê²Œì„] ì¹˜ì¹´ì¹˜ì¹´ ì–‘ì¹˜ê²Œì„ | ì¹˜ê³¼ë†€ì´ | ë³‘ì›ë†€ì´ | ìŠˆí¼ìœ™ìŠ¤ ê²Œì„, Super Wings TV ,ê²Œì„
Real Cargo Tractor Pulling Simulator - Offroad Chained Truck Towing Rescue - Android GamePlay, King Games ,ê²Œì„
Counter Terrorist Attack Gun Strike: Shooting Games - Android Gameplay, DroidGameplaysTV ,ê²Œì„
Bus Simulator Indian Bus Games 3D Indian Bus Off-road Game Simulator Games Android Gameplay, HAIDAR_GAMER ,ê²Œì„
Top 20 Satisfying Moments in Game of Thrones, WatchMojo.com ,ê²Œì„
Funny Game |100 Years life simulator || SOKHER GAMER, Sokher Gamer ,ê²Œì„
ğŸ® Guess the GAME by Emoji...! ğŸ², Guessr ,ê²Œì„
Formula Ramp car stunts game #1 - impossible car stunts 2020 gameplay - voice gameplay, SG Glad Gamedy ,ê²Œì„
Never Have I Ever... Bad Edition ğŸ˜ˆâœ… âŒ (Fun Interactive Game), Quiz Madness ,ê²Œì„
Charlie Charlie Challenge At Night/Charlie Charlie Pencile Game/Hunted Game/#youtubeshorts #shorts, Divya and Madhu ,ê²Œì„
OffRoad Drive Desert #4 Level 6 - Car Game Android IOS gameplay, Oddman Games ,ê²Œì„
Blaze Rescues a Dragon From a Video Game! | Science Games For Kids | Blaze and the Monster Machines, Blaze and the Monster Machines ,ê²Œì„
Top 3 Best ADVENTURE Games For Android ğŸ”¥ #shorts #adventure, Dem Guy Gaming ,ê²Œì„
BIG FAN + WILD CARD #short #thebindingofisaac #tboi #isaac #foryou #mod #game #wildcard, Planock ,ê²Œì„
TOP 3 MULTIPLAYER GAME'S ğŸ˜³ğŸ”¥! #shorts #yashgamerz69, YASH GAMERZ:) ,ê²Œì„
"Story Of Two Friends ğŸ‘¬, Who played a Game ğŸ®ğŸ˜‚ | #shorts #funny #comedy #hindifunny", BROTHERS VLOG ,ê²Œì„
Gadi Wala Game | Car Cartoon | Gadi Wala Cartoon | Car Games | Police Gadi | #shorts, DKNem Gaming 2 ,ê²Œì„
Jason and storybook about Worms from the Game, Jason Vlogs ,ê²Œì„
"Monster Catch Run Gameplay Walkthrough Part 4 Android, iOS Game", DroGames ,ê²Œì„
Squid Games In Real Life | Squid Game Challenge | Hungry Birds, Hungry Birds ,ê²Œì„
Tampa Bay Buccaneers vs. Detroit Lions Game Highlights | NFL 2023 Divisional Round, NFL ,ê²Œì„
à¤­à¥‚à¤²à¤•à¤° à¤­à¥€ à¤®à¤¤ à¤–à¥‡à¤²à¤¨à¤¾ à¤¯à¥‡ Mobile Game ğŸ˜³ğŸ˜³ #ManojSaru #Game, Manoj Saru ,ê²Œì„
Numbers Game Funny Challenge Wait Till End For Surprise #shorts, Lidiya Francis ,ê²Œì„
Fat Boy Love Doll Squid Game - Scary Teacher 3D Love is Denied, Scary Teacher Love ,ê²Œì„
This Game Can't be Explained, SMii7Y ,ê²Œì„
à¦—à§‡à¦® || Game || Bangla Short Film || Zan Zamin, Zan Zamin ,ê²Œì„
I Won Squid Game in The Funniest Way Ever, Live Insaan ,ê²Œì„
SQUID GAME CHALLENGE IN ROBLOX || SOKHER GAMER, Sokher Gamer ,ê²Œì„
The Game & Big Hit - Paisley Dreams / P Fiction (feat. Hit-Boy) [Official Video], Hit-Boy ,ê²Œì„
Scary Stranger 3D - Squid Game (ì˜¤ì§•ì–´ ê²Œì„) Trying Honeycomb Candy Shape Challenge Sledgehammer Game #40, Scary Teacher Joker ,ê²Œì„
3d Driving Class - Car Game - Best Android, ELMI GAMES ,ê²Œì„
Miss School: Tani and Doll Squid Game - Scary Teacher 3D Funny Animation, Scary Teacher Love ,ê²Œì„
Stray (PS5) 4K 60FPS HDR Gameplay - (Full Game), FA GAMEZ ,ê²Œì„
Floor Is Lava Song - THE KIBOOMERS Preschool Songs - Freeze Dance, The Kiboomers - Kids Music Channel ,ê²Œì„
I Think This Bhootni Loves MeğŸ˜‚ - Pacify Horror Game, Live Insaan ,ê²Œì„
PAW Patrol Fluffy Slime Time Game ğŸ¶ Guess the Character! | Stay Home #WithMe | Nick Jr., Nick Jr. ,ê²Œì„
Indian bikes driving 3d game Play 2023 Tamil || Golden Lamborghini car Chori full Sunny story?, Gabbar Gamer HR ,ê²Œì„
"Indian Wedding Game || Makeup,  Haldi, Spa, Dressup|| Indian Wedding style Game||", Bunzee ,ê²Œì„
Evil Nun Horror Game ( Gandi Nani ke School se Bhag Gyi), Wanderers Live ,ê²Œì„
Diana and Roma Play ABC Game  with Oliver, âœ¿ Kids Diana Show ,ê²Œì„
[30ë¶„] ì „ë™ ìë™ì°¨ ì¥ë‚œê° íŠ¸ëŸ­ ë§Œë“¤ê¸° ì˜ˆì¤€ì´ì˜ ì¡°ë¦½ë†€ì´ ê²Œì„ í”Œë ˆì´, With Kids Playground [ìœ„ë“œí‚¤ì¦ˆ ë†€ì´í„°] ,ê²Œì„
ì–´ëª½ì–´ìŠ¤ ì˜¤ì§•ì–´ ê²Œì„ Squid Game | Red Light Green Light Full Compilation #3 | FRIDAY NIGHT FUNKIN ANIMATIONS, GV Among Us ,ê²Œì„
ğŸŒ€ğŸŒ€Lorry JCB game...#trending #funny #games #comedy, Naresh Kuruvilla ,ê²Œì„
Finger Runner 3D Game - Finger in the Nose #9 #Shorts #Viral #Funny, Oddman Games ,ê²Œì„
Tractor game download free || tractor games for free online - tractor games to download race car sim, THE GAME ,ê²Œì„
Scary Teacher 3D vs Squid Game Guess The Drink Challenge vs Huggy Wuggy Troll Nick Swap Chili Sauce, Scary Teacher Family ,ê²Œì„
Scary Teacher 3D vs Squid Game Trying Monster Boat Flying Challenge with Balloon Mask and Bicycle, Scary Teacher Family ,ê²Œì„
Indian tractor game Mahindra tractor pulling fully loaded, SG GAMING ,ê²Œì„
scorpio classic Android game mahindra scorpio s10 best ğŸ® game like, Pawan Car gameing ,ê²Œì„
Massey Ferguson Tractor Driving - Indian Tractor Simulator Game - Android Gameplay, DroidGameplaysTV ,ê²Œì„
Eyes: Scary Thriller Creepy Horror Game | guptaji or misraji, Guptaji Horror Games ,ê²Œì„
Police Cartoon Game: Sheriff Labrador - Help Police Officer and Find the Bad Guys - Babybus Games, Awesome Kids Games TV ,ê²Œì„
BEST PIZZA GAME - Pizza Maker game - Cooking Games Android Gameplay, Chef DC ,ê²Œì„
"February 25, 2023", happy gaming ,ê²Œì„
Top 5 Choo Choo Charles Android Games ğŸ¤© | Shiva and Kanzo Gameplay, Dk Dost 2.0 ,ê²Œì„
"Cake Cooking Game - Play Fun Cakes Kids Game - My Bakery Empire Bake, Decorate", KindGaming ,ê²Œì„
new haunted place ğŸ˜± in rope hero vice town game || classic gamerz, Classic Gamerz ,ê²Œì„
Top 5 Free Games Better than Minecraft | Minecraft India | Free Games like Minecraft, G1 Star ,ê²Œì„
My Girlfriend Is the Doll from Squid Game/ Squid Game in Real Life!, WooHoo ,ê²Œì„
I Let Random Players Control The Entire Roblox Game, Temprist ,ê²Œì„
Shinchan And Nobita Became Superman ğŸ˜± || ğŸ˜‚ Funniest Game Superman, Tyro Gaming ,ê²Œì„
Moromr Mobile game | Assamese comedy video | Assamese funny video, HULKATA Lite (à¦¹à§à¦²à¦•à¦¾à¦Ÿà¦¾) ,ê²Œì„
Nobita got Magical Remote Controller ğŸ˜‚ || Funny Game, Rusk Gaming ,ê²Œì„
Roblox Spider game as Superheroes | Deion's Playtime Skits, Deion's Playtime ,ê²Œì„
Pepi Hospital #1 | Pepi Play | Educational | Pretend Play | Fun Mobile Game | HayDay, HayDay ,ê²Œì„
Maple Leafs vs. Jets LIVE Post Game Reaction - Leafs Talk, SPORTSNET ,ê²Œì„
Scary Teacher 3D vs Squid Game Dresses Career Clothing Win or Lose Dressing Room 5 Times Challenge, Scary Teacher Family ,ê²Œì„
Expeditions: A MudRunner Game - Gameplay Overview Trailer, Focus Entertainment ,ê²Œì„
This Game Will Truly Test Your Dexterity Skills! Speedport Is Now on Kickstarter #boardgames #couple, Games4two ,ê²Œì„
GTA 5 : I Stole FLASH'S SUIT From FLASH ğŸ˜ ...!!, GAME THERAPIST ,ê²Œì„
THE NEWEST WINTER OLYMPICS GAME!, MM7Games ,ê²Œì„
I Played Every Hidden Google Game, Sambucha ,ê²Œì„
TAG WITH RYAN Brand New Red Titan Game Let's Play with Combo Panda, Combo Panda ,ê²Œì„
360 Video || Squid Game Glass Bridge Challenge VR, Game World Cinema ,ê²Œì„
Squid Game in People Playground (Part 3), GGMen ,ê²Œì„
Scary Teacher 3D Miss T vs 5 Neighbor Swimming 100M Squid Game Challenge Huggy Wuggy Troll Dancing, Scary Teacher Family ,ê²Œì„
SPONGE GRANNY CHAPTER 3 - Android Horror Full Game | Khaleel and Motu Gameplay, I am Khaleel ,ê²Œì„
New Bulldozer JCB Driving - Best Bus Simulator Game | Bus Simulator Indonesia Android Gameplay, VS Game ,ê²Œì„
Don't Step in It Game ğŸ¤£ Unboxing & Review â€“ Chatpat toy tv, chatpat toy tv ,ê²Œì„
Squid Game (ì˜¤ì§•ì–´ ê²Œì„) vs Scary Teacher 3D Miss T Best of Troll Nick with Coffin Dance Compilation, Scary Teacher 3D Hile ,ê²Œì„
Mini Soccer Game Restoration - ASMR, Old Things Never Die ,ê²Œì„
Playing New Best INDIAN GAME'S ğŸ”¥ğŸ˜± | Trying The Best Indian Game ğŸ˜¨ Sonu Gaming #shorts #indiangame, Sonu Gaming ,ê²Œì„
"PXN V3 Pro Gaming Steering Wheel For PC,PS3,PS4 Unboxing & Testing - Chatpat toy tv", chatpat toy tv ,ê²Œì„
Playing Every Type of Ghosts in Eyes - The Horror Game, Nightmaster Games ,ê²Œì„
Mr Meat vs Mr Meat 2 - Android Game | Shiva and Kanzo Gameplay, Dk Dost ,ê²Œì„
SpongeBob Video Game: 8-Bit Game Adventure Compilation! ğŸ® | Nickelodeon Cartoon Universe, Nicktoons ,ê²Œì„
Doctor Doctor game with My Pari Di / #VLOG 11 #Aadyansh #learnwithpari, Aadyansh ,ê²Œì„
"Stickman Escape Lift, Roblox, Ice Scream 2, Eyes The Scary Horror Game, Slendrina 2D, Granny...", Horror Gameplay ,ê²Œì„
Franklin and Shinchan & Pinchan play HIDE AND KILL with Squid Game Doll In GTA 5, Team4shooterOP ,ê²Œì„
Scary Teacher 3D Games for Family Choose Right-Wrong vs Squid Game Challenge and Huggy Wuggy, Scary Teacher Family ,ê²Œì„
Attack on Titan Play Squid Game  in life action, vision VFX ,ê²Œì„
SHINCHAN AND FRANKLIN TRIED THE CRAZY LONG LOOP MEGA RAMP JUMP CHALLENGE BY CARS BIKES TRUCKS GTA 5, Yippi Gaming ,ê²Œì„
GTA 5 : I Made GIANT WATERSLIDE From SPACE ğŸ˜ğŸ”¥ !!, GAME THERAPIST ,ê²Œì„
This Game Is Soo Scary - Egghead Gumpty, The Bangla Gamer ,ê²Œì„
ğŸ”¥ ë°©êµ¬ì„ ê²Œì´ë¨¸ë¥¼ ë‹¹ì¥ ìš´ë™í•˜ê²Œ ë§Œë“¤ í•˜ì´í…ì…˜ ê²Œì„ OST ëª¨ìŒ ğŸ”¥, GCL ì§€ì”¨ì—˜ ,ê²Œì„
"game play at home, Funny family play game, Video smart kid #short #005", Han Sinh ,ê²Œì„
à¤¬à¤¬à¤² à¤¶à¥‚à¤Ÿà¤° à¤—à¥‡à¤® à¤–à¥‡à¤²à¤¨à¥‡ à¤µà¤¾à¤²à¤¾à¥¤Bubble shooter game free downloadà¥¤Bubble shooter android gameplay#1, Game khelo ,ê²Œì„
The BEST MOBILE GAMES on The Internet!, Kindly Keyin ,ê²Œì„
When Noobs Play Horror Game, The Bangla Gamer ,ê²Œì„
The Game ft. Jason Derulo - Baby You (Official Video), The Game ,ê²Œì„
Memphis Grizzlies vs Miami Heat Full Game Highlights | Jan 24 | 2024 NBA Season, Hooper Highlights ,ê²Œì„
Avengers Squid Game!, Gorgeous Movies ,ê²Œì„
UN HOMBRE LOCO NOS PERSIGUEâ€¦*lo tenemosÂ grabado*, ARTA GAME ,ê²Œì„
Spook the robber  #shortsvideo #game #latest #youtubeshorts, Hamid khan ,ê²Œì„
Ekkuva games adithey meru kuda ilane tayaru avtaruğŸ¤§ #trending #love #sad #viral #happy #poor #dad, Anil Kumar Masani ,ê²Œì„
GTA V : CHOP AND Franklin Is Going To CHINA To Fight With Ganster  || Professor Of Pc Gaming, Professor Of Pc Gaming ,ê²Œì„
"""Sun Goes Down"" - A Gaming Mix | Best Of EDM", Cloudx Music ,ê²Œì„
Marathon | Official Announce Trailer, Marathon ,ê²Œì„
GAME - SIDHU MOOSE WALA (SLOWED+REVERB), SLOWED LAD â™ª ,ê²Œì„
TECHNO GAMERZ PLAY TOP 12 BEST GTA5 GAMES FOR MOBILE PHONE ğŸ˜±, DIGICRUX~GAMERX ,ê²Œì„
Skibidi Toilet all episodes and SEASONS 1-69 - Cameraman vs DaFuqBoom vs Tv Woman vs Speakerman, Cartoon Games ,ê²Œì„
Scary Teacher 3D - Fun Prank Game! ğŸ¤£ - IOS Android gameplay, Oddman Games ,ê²Œì„
THE CHILD OF SLENDRINA || HORROR GAME || SOKHER GAMER, Sokher Gamer ,ê²Œì„
Rope Hero Steal Ktm Bike From Gta 5 || rope hero game ki video, Dynamo Spider ,ê²Œì„
Pacman Vs Toxic Monster (Level 20 : Cursed Candy), Packy Films ,ê²Œì„
How to make a cardboard DIY Video Game no Battery Needed!, Ryan's World ,ê²Œì„
Shinchan And Nobita Destroying Train ğŸ˜± || ğŸ˜‚ Funny Game Teardown, Tyro Gaming ,ê²Œì„
Bhoot Bangla game must hai ğŸ˜‚ | Yaatri, Yaatri ,ê²Œì„
"Spider-Man VR takes the ""cake"" ğŸ‘€ğŸ‚ #vr #virtualreality #gaming #spiderman", Benbu ,ê²Œì„
The Death GameğŸ¤¯ğŸ¥¸ ||Akshay Nagwadiya ||#shorts #game #squidgame, Akshay Nagwadiya ,ê²Œì„
Hardest Game Ever | Only Up, Sokher Gamer ,ê²Œì„
Who's Your Daddy is a Cursed Game, SMii7Y ,ê²Œì„
I PLAYED THE WORST BOLLYWOOD GAMES ON PLAYSTORE, The RawKnee Games ,ê²Œì„
granny game Door escape Android, india hero horror Gamer ,ê²Œì„
Play Games With Blippi! | Sink or Float? Playground | Educational Videos For Kids, Moonbug Kids - Get Up And Go! ,ê²Œì„
Scary Green Grandpa Alien Android Game #1 | Shiva and Kanzo Gameplay, Dk Dost ,ê²Œì„
Do NOT Go Down This Slide.. (FULL GAME), Caylus   ,ê²Œì„
Franklin and Shinchan & Pinchan play HIDE AND KILL with Squid Game Doll In GTA 5, ShivGam Gaming ,ê²Œì„
my talking tom game full video ğŸ’¯ğŸ’¯, Gaurav ğŸ§ ,ê²Œì„
Sidhu Moose Wala | Gadi Wala Game | Dollar Song | Indian Car Simulator 3D, Android Simulator Gaming 200k ,ê²Œì„
Racing Xtreme Motorbikes - stunts Motor Racing Bike #1 - Motocross game Android ios Gameplay, Venzogaming ,ê²Œì„
Video Game Blazes Battles Robots ğŸ¤– ! 30 Minute Compilation | Blaze and the Monster Machines, Blaze and the Monster Machines ,ê²Œì„
Scary Teacher 3D Fake Doctor Squid Game and 4 Players Miss T vs Scary Stranger vs Nick and Tani, Scary Teacher Family ,ê²Œì„
GTA 5 : I Made GIANT WATERSLIDE From SPACE ğŸ˜ğŸ”¥ !!, GAME THERAPIST ,ê²Œì„
ğŸ‘ 2023 ìµœê³ ì˜ ê²Œì„ & ìµœì•…ì˜ ê²Œì„ ğŸ‘ | ì‹¬í”Œí•œ ì˜ìƒ ë¦¬ë·°, ë©”íƒˆí‚´ ,ê²Œì„
"ì˜¬í•´ì˜ ìˆ˜ìƒì‘ê³¼ ìŸì•„ì§„ ê¸°ëŒ€ì‘ë“¤, ë” ê²Œì„ ì–´ì›Œë“œ 2023 ì •ë¦¬ | TGA2023 [4K]", GameDO ,ê²Œì„
GULZAAR CHHANIWALA - GAME (OFFICIAL VIDEO) || LATEST HARYANAVI SONG 2023, Gulzaar Chhaniwala ,ê²Œì„
Game Over, Karan Aujla ,ê²Œì„
Best Survival Pokemon Game ğŸ”¥  ğŸ˜ | Palworld Gameplay  ğŸ˜ | Part 2 | Tamil | George Gaming |, George Gaming à®¤à®®à®¿à®´à¯ ,ê²Œì„
FNAF INTO THE PIT TRAILER - A NEW OFFICIAL FNAF GAME IS HERE.. (FNAF Into The Pit), FusionZGamer ,ê²Œì„
THIS GAME WILL BLOW YOU MIND, Techno Gamerz ,ê²Œì„
SHINCHAN AND FRANKLIN TRIED THE CRAZY LONG LOOP MEGA RAMP JUMP CHALLENGE BY CARS BIKES TRUCKS GTA 5, Yippi Gaming ,ê²Œì„
Giant Board Game challenge!!! Winner gets surprise with 1 hr kids games!!!, Ryan's World ,ê²Œì„
Spiderman and Scary Teacher Shark Battle in The Sea - Game Animation, Scary Teacher World! ,ê²Œì„
Shinchan and Nobita Are Best Doctor ğŸ˜± || ğŸ˜‚ Funny Game Doctor Simulator, Tyro Gaming ,ê²Œì„
ROBLOX Tsunami Game - Khaleel and Motu Gameplay, I am Khaleel ,ê²Œì„
Pregnant Squid Game Doll Vs Barbie || Funny Pregnancy Situations by Gotcha!, Gotcha! ,ê²Œì„
Worms Zone io Biggest Snake New Record 2023| Saamp Wala Game oggy jack, Taimoor gamer ,ê²Œì„
Dark Riddle in Summer Skin - Android Game | Shiva and Kanzo Gameplay, Dk Dost ,ê²Œì„
"SQUID GAME || 360Â° Video VR - Red Light, Green Light", VR Planet ,ê²Œì„
insane parent at basketball game ğŸ˜­, John Casterline ,ê²Œì„
Squid game Movie Among us and Henry Stickmin - All Episodes   Animated Cartoon Action Thriller Comed, Kran Gaming ,ê²Œì„
(PS5) Blair Witch - THIS GAME Is SCARY | ULTRA Realistic Gameplay [4K 60FPS HDR], Champs Network ,ê²Œì„
"My Talking (Hal + Angela + Tom Friends + Pinocchio) & Peppa Holiday,Vlad & Niki Smart,Sponge Krusty", Game Red ball ,ê²Œì„
Cooking game in Hindi PART-40 / Cooking for Adi in TENT / COOKING GAME /  #LearnWithPari, Learn With Pari ,ê²Œì„
Patrick Star the HORROR GAME! (Full Game), Caylus   ,ê²Œì„
Young fan describes seeing Taylor Swift at football game: â€˜Amazingâ€™, TODAY ,ê²Œì„
Virtual Family - Happy Life Car Driver Simulator 2020 - Android GamePlay, King Games ,ê²Œì„
The Game - Game's Pain ft. Keyshia Cole (Official Music Video), The Game ,ê²Œì„
ALL SQUID GAMES! No Blood, MindPop ,ê²Œì„
Top 5ğŸ”¥Best Survival Games For (Android/ios) Open World Games For Android 2023!!, Afzal Gamer 2.0 ,ê²Œì„
Surviving Ship Crash ğŸ˜± || ğŸ˜‚ Funny Game Roblox, Tyro Gaming ,ê²Œì„
à¦¯à§‡ à¦—à§‡à¦® à¦–à§‡à¦²à¦¤à§‡ à¦à¦®à¦¬à¦¿ à¦²à¦¾à¦—à§‡ à¦¨à¦¾ | Top 3 Offline Game Like Free Fire PUBG | Best Battle Royale Game, BhaiAmiGamer ,ê²Œì„
Roblox Escape BABY BOBBY's Daycare Scary Game ğŸ˜± @EktaMore, Ayush More ,ê²Œì„
Fat Boy Nick Tries to Up - Scary Teacher 3D Doll Squid Game Happy Ending, Scary Teacher Love ,ê²Œì„
Top 3 Offline Open World Games For Android Under 200 MB ğŸ˜±   #shorts #androidgames, Dem Guy Gaming ,ê²Œì„
top 5 ROBLOX GORE games... (UPDATED POST BAN WAVE), corny ,ê²Œì„
Squid Game with Siblings, King Zippy ,ê²Œì„
"Scary Evil Teacher Escape Game New Update New Levels (Android,iOS)", DZGames ,ê²Œì„
Superhero Squid Game! - Who Wins?, Gorgeous Movies ,ê²Œì„
Scary Teacher 3D vs Squid Game Trying Tug Challenge Who Faster Hand Take Red Towel Win Dancing, Scary Teacher Family ,ê²Œì„
Mr Dog - Squid Game Chapter | Shiva and Kanzo Gameplay, Dk Dost ,ê²Œì„
Update Game Scary Teacher 3D New Characters Chapter Trolling Miss T All Day Game, Hector ,ê²Œì„
More than a game! It's FAMILY! ğŸ‘¨â€ğŸ‘¦ğŸ˜ğŸ‘¨â€ğŸ‘¦, NHL ,ê²Œì„
"The Game - Ali Bomaye ft. 2 Chainz, Rick Ross (Official Music Video)", The Game ,ê²Œì„
Music Mix 2023 ğŸ§ EDM Remixes of Popular Songs ğŸ§ EDM Gaming Music #256, Magic Music ,ê²Œì„
Big Game of Thrones (Full Episode) | Savage Kingdom, Nat Geo WILD ,ê²Œì„
"MINIONS PLAYING the SQUID GAME in GREEN LIGHT, RED LIGHT IN MINECRAFT - Gameplay", Scrapy ,ê²Œì„
à¦¦à¦¿à¦¹à¦¾à¦¨à§‡à¦° à¦°à¦‚ à¦–à§‡à¦²à¦¾ | Dihaner Rong Khela | à¦œà§à¦¨à¦¿à¦¯à¦¼à¦° à¦®à§à¦­à¦¿ | Bengali fairy tales | game | dihan | new natok, Riad Film ,ê²Œì„
Ben 10 Alien Game Omnitrix and Omni-Glitch Heroes CKN, CKN  ,ê²Œì„
Eminem & The Game - Mufasa (Freestyle), NXRemix ,ê²Œì„
LTT Game Nerf War : Warriors SEAL X Nerf Guns Fight Criminal Mr Zero For Nerf Disappeared Suitcase 2, LTT Game Nerf Guns ,ê²Œì„
Escape Papa Pizza Pizzeria In Roblox Game || Guptaji Or Misraji ||, Guptaji Horror Games ,ê²Œì„
Top 5 Free Fire Jaisa High Graphics Games For Android || How To Free Fire Like Games 2023, Rup Gaming ,ê²Œì„
Game Shakers | Â¡El primer episodio de Game Shakers en 10 minutos! | Nickelodeon en EspaÃ±ol, Nickelodeon en EspaÃ±ol ,ê²Œì„
@SokherGamer Is NooB in Horror Game - The Bangla Gamer, The Bangla Gamer ,ê²Œì„
tractor game video  channel #YA gamer @2022 video Please everyone share the channel #catoon #b2k, YA gamer ,ê²Œì„
Strong Group PH vs Al Ahly Libya Full Game Highlights | Quiambao FOR THE WIN! | SGA Advance!, KMTV Sports  ,ê²Œì„
LTT Game Nerf War : Warriors SEAL X Nerf Guns Fight Mr Zero Crazy Guardian Of The World Nerf, LTT Game Nerf Guns ,ê²Œì„
"Scary Siren Horror Game 3D, Siren Head Field, Siren Head Forest Surrvival, Forest Survival Hunting..", ScaryGames ,ê²Œì„
"I Won Biggest Jackpot in Arcade GamesğŸ˜| 5,00,000 Tickets + Iphone 14 in 2,000â‚¹ğŸ˜¨- Jash Dhoka Vlogs", Jash Dhoka Vlogs ,ê²Œì„
All Colours Huggy Wuggy in Poppy Playtime Game | Shiva and Kanzo Gameplay, Dk Dost ,ê²Œì„
SQUID GAME - GLASS BRIDGE in 360Â° VR, PPerl Animation ,ê²Œì„
Who Draws It Better Challenge | Surprise Gifts | Family Game | ToyStars, Toy Stars ,ê²Œì„
GAME (Slow and Reverb), Glamtown - Topic ,ê²Œì„
SHINCHAN AND FRANKLIN TRIED THE IMPOSSIBLE SITTING HULK BRIDGE PARKOUR CHALLENGE IN GTA 5, Yippi Gaming ,ê²Œì„
Kansas City Chiefs vs. Baltimore Ravens | 2023 AFC Championship Game Preview, NFL ,ê²Œì„
Riot I dodged 1 game in 2 days is this necessary #Valorant #valorantclips, 100hp Gaming ,ê²Œì„
Funniest Game Ever Comedy Funny & Wtf Moments #shorts #sehwaggaming, Sehwag Gaming ,ê²Œì„
LTT Game Nerf War : Warriors SEAL X Nerf Guns Fight Braum Gold Button thief one million Subscribe, LTT Game Nerf Guns ,ê²Œì„
Update Scary Teacher 3D New Prank Funny Chapter Android Game, Hector ,ê²Œì„
Squid Game (ì˜¤ì§•ì–´ ê²Œì„) vs Scary Teacher 3D Miss T and 5 Neighbor with Orange Candy Shape Challenge, Scary Teacher 3D Hile ,ê²Œì„
SHINCHAN AND FRANKLIN TRIED THE IMPOSSIBLE GIANT LAVA WATER SLIDE CHALLENGE  IN GTA 5, Yippi Gaming ,ê²Œì„
Far Cry 6 - Full Game Cinematic Playthrough - 4K RTX ON, DraKulis Cinematic Gaming ,ê²Œì„
"Game Recap: Thunder 140, Spurs 114", Motion Station ,ê²Œì„
Slendrina The Forest | Mobile Game, Sokher Gamer ,ê²Œì„
Top 5 New Offline Games For Android & iOS 2022 ll Best High Graphics Offline games for Android, GameTech ,ê²Œì„
Garten of Banban 7 -  Syringion Kills Bittergiggle (Gameplay #16), POPPY PLAY GAME ,ê²Œì„
Detroit Lions vs. San Francisco 49ers | 2023 NFC Championship Game Preview, NFL ,ê²Œì„
New Free Fire is Here ğŸ˜ *must watch* New Update OB43 - Garena Free Fire, FireEyes Gaming ,ê²Œì„
MEOWMERE + WILD CARD #short #thebindingofisaac #tboi #isaac #foryou #mod #game #wildcard, Planock ,ê²Œì„
CID Exposes The Kidnapper's Game | CID - Special Cases | 24 Jan 2024, Sony AATH ,ê²Œì„
Mafia: Definitive Edition (PS5) 4K HDR Gameplay - (Full Game), FA GAMEZ ,ê²Œì„
50 mb ğŸ”¥1gb 2gb 3gb ram device game's 2024 battle royale game's, Taknikal 006 ,ê²Œì„
1gb 2gb 3gb ram device new game's new battle Royale game's best game's, Taknikal 006 ,ê²Œì„
Video Game Word Scramble, Vintendo ,ê²Œì„
Miss T à¤•à¤¾ ğŸ¥µ Swimming pool ğŸ¥¶ #shorts #Short #gamedefinition, Game Definition ,ê²Œì„
Cooking game in Hindi Part-44 / Cooking and Shopping Game / Cooking for Priyanshi Didi, Learn With Pari ,ê²Œì„
SHINCHAN AND FRANKLIN TRIED THE IMPOSSIBLE JUMP INTO THE TYRE OBSTACLES PARKOUR CHALLENGE GTA 5, Yippi Gaming ,ê²Œì„
star rail didn't want THIS in the game..., Braxophone ,ê²Œì„
SHINCHAN AND FRANKLIN TRIED IMPOSSIBLE BUS BRIDGE PARKOUR CHALLENGE GTA 5, Yippi Gaming ,ê²Œì„
DWIGHT HOWARD PLAYS A GAME OF POELTL ğŸ¤£ğŸ¿ #shorts, House of Highlights ,ê²Œì„
New Police Station + JCB CODE | Funny Gameplay Indian Bikes Driving 3d ğŸ¤£ğŸ¤£, Nur Fact ,ê²Œì„
49ers host Lions in NFC Championship Game: Will Detroit shock the world? | NFL | UNDISPUTED, UNDISPUTED ,ê²Œì„
GAME OF OUT!âš½ï¸, Abel El Jackson ,ê²Œì„
Ep 82. A Very Busy Battle | 25 Words or Less Game Show - Full Episode: Colton Dunn vs Andy Richter, 25 Words Or Less ,ê²Œì„
Game Animation Reel(ê²½ë ¥) Kim Hyeon Ji  - 1ëŒ€1 ê°œì¸ ì˜¨ë¼ì¸ ê³¼ì™¸, ê²Œì„ëª¨ì…˜ë§ˆìŠ¤í„° / GMM / Game Motion Master  ,ê²Œì„
Super Square Run [ 2024 Record ] #games #funnygame #abootplays, AbooTPlays ,ê²Œì„
GTA 5 : Franklin Shinchan & Pinchan Full Ultimate Premium Luxury House Upgrade GTA 5 !, Flight Gamer ,ê²Œì„
The scary video gameğŸ®ğŸ˜°#gulshankalra #horrorstories #shortsfeed, Gulshan Kalra ,ê²Œì„
Trouble In LA!? - Game Notes 1/25, Spittin' Chiclets ,ê²Œì„
ì´ë²ˆ ì£¼ ë‹¹ì‹ ì´ ì£¼ëª©í•´ì•¼ í•  ì‹ ì‘ ê²Œì„ ì†Œì‹ë“¤ (ê²Œì„ìŠ¤ì»´ 2023), ì§‘ë§ˆ í™€ë¦­ ,ê²Œì„
9ì›”ë„ í°ê±° ê°œë§ì´ ë‚˜ì˜¨ë‹¤..9ì›” ëª¨ë“  ì¶œì‹œì‹ ì‘ê²Œì„ ì¶œì‹œìˆœ TOP.15, ì¹´ì‚¬ë…¸ë°•TV [CASANOPARK] ,ê²Œì„
Best Player At Every PositionğŸ«¡ğŸ”¥(+1M), FOOTBOX ,ê²Œì„
Numbers Run 3D #games #funnygame #abootplays, AbooTPlays ,ê²Œì„
ê°€ë‚œí•œ ì—„ë§ˆ VS ë¶€ì ì—„ë§ˆ | FNF ëŒ€ ì˜¤ì§•ì–´ ê²Œì„ ì‹¤ì œ ìƒí™œ, Baby Doll Channel ,ê²Œì„
ì¬ë¯¸ìˆëŠ” ì¼€ì´í¬ ë°°ìš°ê¸° ì¼€ì´í¬ ìš”ë¦¬ ë° ìƒ‰ìƒ ì¼€ì´í¬ ì¬ë¯¸ìˆëŠ” ì–´ë¦°ì´ ê²Œì„ - My Bakery Empire - ì¼€ì´í¬ êµ½ê³  ì¥ì‹í•˜ê³  ëŒ€ì ‘í•˜ì„¸ìš”, Pupugames ,ê²Œì„
Is This The WEIRDEST Unlockable Game Item?, EmSwizzle ,ê²Œì„
When your parents make you share the game with your sibling 8, Greg Renko ,ê²Œì„
I love this game so much!!, Limealicious ,ê²Œì„
Brother we both are cheeks at this game, JesseKazam ,ê²Œì„
game over #viral #gameplay #ãƒœã‚«ã‚³ãƒ¬2022æ˜¥ #music #ãƒœã‚«ã‚³ãƒ¬2021æ˜¥, TERROR GAMING 250 ,ê²Œì„
Game (Extended Mix), Laurie - Topic ,ê²Œì„
ì¬ë¯¸ìˆëŠ” ì• ì™„ ë™ë¬¼ ìƒˆë¼ ê³ ì–‘ì´ ëŒë³´ê¸° ì–´ë¦°ì´ ê²Œì„ í”Œë ˆì´ - ì‘ì€ ìƒˆë¼ ê³ ì–‘ì´ ìœ ì¹˜ì› - ìœ ì•„ ìœ ì¹˜ì›ì„ ìœ„í•œ í•™ìŠµ ê²Œì„, Penguin Gaming ,ê²Œì„
ê°€ì„±ë¹„ êµ¿! ì—­ëŒ€ê¸‰ ì—¬ë¦„ í• ì¸ ë§Œì› ë¯¸ë§Œ ê²Œì„ ì´ì •ë¦¬ - ìŠ¤íŒ€/ë‹¤ì´ë ‰íŠ¸ ê²Œì„ì¦ˆ í• ì¸ ê²Œì„ ì¶”ì²œ TOP 20, ì‹œë„Œì“° ,ê²Œì„
Video Game (Original Mix), Dakota - Topic ,ê²Œì„
Godly Miner Prediction ğŸ˜± #clashroyale #shorts, Ryley - Clash Royale ,ê²Œì„
Oggy Build Strongest Raft In Android Game Raft Hero Game, Daddy Gaming ,ê²Œì„
The Last of Us 2 Top 10 Best Stealth Kills (Ellie Cleaning)NO DAMAGE/GROUNDED, StealthGamerBR â„¢ ,ê²Œì„
This FPS Game Has Real Life Graphics..., jackfrags ,ê²Œì„
ëŒ€ê·œëª¨ ìŠ¤íŒ€ í• ì¸ ì¶•ì œ ë“œê°€ì~ 92% í• ì¸ + ë¬´ë£Œ ê²Œì„ - ìŠ¤íŒ€ í• ì¸ ê²Œì„ ì¶”ì²œ TOP 20, ì‹œë„Œì“° ,ê²Œì„
[ì•„ë¨¸ë“œ ì½”ì–´ 6] ì—­ëŒ€ê¸‰ ì—°ì¶œë¡œ 10ë…„ ë§Œì— ëŒì•„ì˜¨ ìµœê³ ì˜ ë¡œë´‡ê²Œì„ğŸ¤– (ARMORED CORE VI FIRES OF RUBICON), ì˜¥ëƒ¥ì´ RoofTopCAT ,ê²Œì„
"ë‹¤ì–‘í•œ ê¸°ëŒ€ì‘ë“¤ì˜ í–¥ì—°, ê²Œì„ìŠ¤ì»´ ì˜¤í”„ë‹ ë‚˜ì´íŠ¸ ë¼ì´ë¸Œ í•œ ëˆˆì— ë³´ê¸° (*ë¶„ëŸ‰ì£¼ì˜)", GameDO ,ê²Œì„
GAME eating show 1 (feat.3ê´‘ì•¼ì—ì„œ_ë…¸ë˜ë¥¼ ì°¾ëŠ”ì‚¬ëŒë“¤), MindLink ,ê²Œì„
He's In This GAME? | Batman Arkham Origins | Ep.2, ImDontai Gaming ,ê²Œì„
Game, Kalk - Topic ,ê²Œì„
[SOUND VOLTEX EXCEED GEAR] ê²Œì„ë”” ì‹¤ì‹œê°„ ìŠ¤íŠ¸ë¦¬ë°/GAME D Live Streaming, ê²Œì„ë”” ì‚¬ìš´ë“œë³¼í…ìŠ¤ ,ê²Œì„
Game (Extended Mix), Yohann Warren ,ê²Œì„
A FNAF INTO THE PIT GAME IS COMING???, Dawko ,ê²Œì„
Gamescom 2023 Live Reaction | AGirlAndAGame, AGirlAndAGame ,ê²Œì„
ìœ ì €ë“¤ì´ ì‹œì‘ë¶€í„° ê°“ê²œì´ë¼ê³  ë¶€ë¥´ëŠ” ê²Œì„ BEST 7, ì§‘ë§ˆ í™€ë¦­ ,ê²Œì„
Miltoz is live! PC game, Miltoz ,ê²Œì„
ğŸ®ë°œë”ìŠ¤ ë¯¸ì•ˆ ì ê¹ë§Œ ì‰´ê²Œã… ã…  ì•„ë¨¸ë“œ ì½”ì–´ 6 ì •ì‹íŒ ì²« í”Œë ˆì´ 4K (ì—˜ë“ ë§ ê°œë°œì‚¬ ì‹ ì‘), ì§‘ë§ˆ í™€ë¦­ ,ê²Œì„
23ë…„ ê°€ì¥ ì¬ë°Œê²Œ í”Œë ˆì´ í–ˆë˜ ê²Œì„ TOP 20, ìš”ë¼ì§€ ê²Œì„í‰ê°€ë‹¨ ,ê²Œì„
ì–´ëª½ì–´ìŠ¤ Game Animation | LIVE ğŸ”´, RYG Game Animation ,ê²Œì„
ì‹œì‘ë¶€í„° ë„ˆë¬´ ë§ë‹¤... 2023ë…„ ì‹ ì‘ ê²Œì„ ì´ì •ë¦¬ (ê²Œì„ìŠ¤ì»´ ê³µê°œ ì‹ ì‘ 1ì¼ì°¨), ì§‘ë§ˆ í™€ë¦­ ,ê²Œì„
Is Palworld Actually a Good Game?, Jesse Cox ,ê²Œì„
ì´ê²Œ ê²Œì„ ê·¸ë˜í”½ì´ë¼ê³ ?! ìµœì´ˆë¡œ ê³µê°œëœ ì™„ì „ ì‹ ì‘ ê²Œì„ í•œëˆˆì— ë³´ê¸°, ì§‘ë§ˆ í™€ë¦­ ,ê²Œì„
"ì–´ë””ì„œ ë§ì´ ë³¸? ê·¸ì € í”¼ì§€ì»¬ë¡œ ì›ƒê¸°ëŠ” ê²Œì„(w.ê¸ˆì‚¬í–¥,ê³ ì°¨ë¹„,ë©‹ì‚¬)", ì›TV í’€ì˜ìƒ ,ê²Œì„
ğŸ”´ LIVE - hoag - game, hoag ,ê²Œì„
GAME OST | å‹è² ã®è¡Œæ–¹ | Original Soundtrack | Alchemia Story | INSTRUMENTAL, Game Soundtrack ,ê²Œì„
[ pop'n music UniLab] ê²Œì„ë”” ì‹¤ì‹œê°„ ìŠ¤íŠ¸ë¦¬ë° | GAME D Live Streaming, ê²Œì„ë”” íŒí”ˆë®¤ì§ ,ê²Œì„
ê°“ê²œë“¤ ì „ë¶€ 9ì›” ì¶œì‹œ! AAAê¸‰ ê²Œì„ë¶€í„° ë‚¨ë“¤ì´ ëª¨ë¥´ëŠ” ê¸°ëŒ€ì‘ ê²Œì„ê¹Œì§€ - 9ì›” ì‹ ì‘ ê²Œì„ TOP 15, ì‹œë„Œì“° ,ê²Œì„
"January 12, 2024", cado244  ,ê²Œì„
GAME OST | Fighter Soul | Original Soundtrack | Alchemia Story | INSTRUMENTAL, Game Soundtrack ,ê²Œì„
"ê²Œì„ êµ¬ë§¤ì˜ ì™„ë²½í•œ íƒ€ì´ë°! ê°œê¿€ì¼ì„ ë„˜ì–´ì„  ""ê°œê¼´ì¼"" ê²Œì„ ë–´ë‹¤ - ìŠ¤íŒ€ í• ì¸ ê²Œì„ ì¶”ì²œ TOP 20", ì‹œë„Œì“° ,ê²Œì„
cat escape level 108 #catescapegame #gameplay #gamelevel #catescape, Game Play ,ê²Œì„
[SOUND VOLTEX EXCEED GEAR] ê²Œì„ë”” ì‹¤ì‹œê°„ ìŠ¤íŠ¸ë¦¬ë°/GAME D Live Streaming, ê²Œì„ë”” ì‚¬ìš´ë“œë³¼í…ìŠ¤ ,ê²Œì„
#ê²Œì„ #funny #gameshort #game, NOVA GAMING ,ê²Œì„
"January 12, 2024", ROHANSK ,ê²Œì„
ê²Œì„ í”Œëœ, YouTube ì˜í™” 1ì‹œê°„ 50,ê²Œì„
#tmnt #fortnite #playstation, Zavrslav ,ê²Œì„
hahahahahahaha!!!!!potato gameâ€¼ï¸, SWEET POTATO CHANNEL ,ê²Œì„
DEATH+GAME OVERğŸ”¥ğŸ’€, Defan13 ,ê²Œì„
"ì´ë²ˆ ë‹¬ì€ ì´ê±¸ë¡œ ì •í–ˆìŠµë‹ˆë‹¤, 9ì›”ì˜ ì‹ ì‘ì™“ì„ì˜¤ (2023.09)", GameDO ,ê²Œì„
Stop times be likeğŸ—¿ğŸ—¿: #geometrydash #musicgame #meme, walby[GDVN] ,ê²Œì„
[ì¢…ë£Œ] ë¬´ë£Œ ê²Œì„ë“¤ - [ì—í”½ ê²Œì„ì¦ˆ] Fallout 3: ì˜¬í•´ì˜ ê²Œì„ ì—ë””ì…˜ & Tangles & [Steam] Leaf Blower Man: This Game Blows!, GomBearNoob ,ê²Œì„
Shoe Race #iosgames #mobailgame #walkthrough, ihar ,ê²Œì„
Golden State Warriors vs Atlanta Hawks FULL GAME Highlights | Jan 24 | 2024 NBA Regular Season, NBA Highlights 2024 ,ê²Œì„
Ending ğŸ˜‚ğŸ˜‚, Poshu 247 ,ê²Œì„
Shoe Race #iosgames #mobailgame #walkthrough, ihar ,ê²Œì„
ì§€ìƒ ìµœê³ ì˜ ê²Œì„, YouTube ì˜í™” 2ì‹œ,ê²Œì„
ëª°ë¦¬ìŠ¤ ê²Œì„ (ìë§‰íŒ), YouTube ì˜í™” 2ì‹œê°„ 20,ê²Œì„
stack ball#239 #asmrgame #stackball, HAN`S ,ê²Œì„
GTA 6 ê³µì‹ ë°œí‘œ! PC ê²Œì´ë¨¸ë“¤ì˜ ê·¼ì‹¬ ì™¸ | ê²Œì„ í—¤ë“œë¼ì¸, ëª¨í—˜ëŸ¬ì˜ ì–´ë“œë²¤ì²˜ ,ê²Œì„
I MISSED..? ğŸ¤¨, Chase ,ê²Œì„
ê²Œì„ ì²´ì¸ì €, YouTube ì˜í™” 2ì‹œê°„ 2,ê²Œì„
korban orang main game cant leave, varoggsw2109 ,ê²Œì„
VANNDA IS A LEGEND! | VANNDA - 6 YEARS IN THE GAME FT. AWICH (OFFICIAL MUSIC VIDEO), Kso Big Dipper ,ê²Œì„
Honest Game Trailers | RoboCop: Rogue City, Honest Game Trailers ,ê²Œì„
#gameplay #defensegame, ROYAL GAMING ,ê²Œì„
Neymar Skills and Goal, NGF ,ê²Œì„
ìº”ë“¤ê²Œì„, YouTube ì˜í™” 1ì‹œê°„ 41,ê²Œì„
"ê´‘ê³ ì—ì„œ í•œë²ˆì¯¤ì€ ë³¸ ê²Œì„ [YEAH! YOU WANT ""THOSE GAMES,"" RIGHT? SO HERE YOU GO! NOW, LET'S SEE YOU CLEAR THEM!]", ì´ì¦ˆë ŒTV ,ê²Œì„
"ì •ë§ ì˜¤ë˜ ê¸°ë‹¤ë¦¬ì…¨ìŠµë‹ˆë‹¤, 8ì›”ì˜ ì‹ ì‘ì™“ì„ì˜¤ (2023.08)", GameDO ,ê²Œì„
Game Player, GROOMING94 - Topic ,ê²Œì„
LSU vs South Carolina Live Stream | 2024 College Women's Basketball  Full Game, NCAAW LIVE ,ê²Œì„
ë§ˆë²•ì€ í¬ê¸°í•´ë„ ê²Œì„ì€ í¬ê¸°ëª»í•´ | Electronic - Cherry Music, Cherry Music ,ê²Œì„
[SOUND VOLTEX EXCEED GEAR] ê²Œì„ë”” ì‹¤ì‹œê°„ ìŠ¤íŠ¸ë¦¬ë°/GAME D Live Streaming, ê²Œì„ë”” ì‚¬ìš´ë“œë³¼í…ìŠ¤ ,ê²Œì„
Sad Shampoo ğŸ§´, HeyItsPotato ,ê²Œì„
"KD TO TEAM ""DONT WORRY FOR SH*T! IM GOING FOR GAME WINNER!"" THEN HITS DOUBLE-CLUTCH GAME WINNER!", DrSwish ,ê²Œì„
[Life&Story/ì¼ìƒ ë° ì´ì•¼ê¸°]2023ë…„ì— í”Œë ˆì´í•œ 2023ë…„ ê²Œì„ TOP 10, ê·¸ë ˆì´ë”©ê³  ,ê²Œì„
í•œêµ­ì˜ ë¨¹ë°©ì—¬í–‰, Game World ,ê²Œì„
[ pop'n music UniLab] ê²Œì„ë”” ì‹¤ì‹œê°„ ìŠ¤íŠ¸ë¦¬ë° | GAME D Live Streaming, ê²Œì„ë”” íŒí”ˆë®¤ì§ ,ê²Œì„
ğŸ’€ğŸ’€ğŸ’€ğŸ’€, Chad dog ,ê²Œì„
ìŠ¤íŒŒì´ ê²Œì„, YouTube ì˜í™” 2ì‹œê°„ 6,ê²Œì„
ë²„ì¶”ì–¼ê²Œì„, YouTube ì˜í™” 1ì‹œê°„ 37,ê²Œì„
Project GGG ìŠ¤íŒ€ í”Œë ˆì´ í…ŒìŠ¤íŠ¸. ê²Œì„í”Œë ˆì´ ë° ê°„ë‹¨í•œ ì†Œê°œ, SaveAs ,ê²Œì„
í•´ì»¤ìŠ¤ ê²Œì„, YouTube ì˜í™” 1ì‹œê°„ 39,ê²Œì„
ìŠ¤í‚¨ ê²Œì„, YouTube ì˜í™” 1ì‹œê°„ 18,ê²Œì„
#sakuraschoolsimulator #games #gaming #gameplay, Maiddoo ,ê²Œì„
ë§ˆì¸ë“œ ê²Œì„, YouTube ì˜í™” 1ì‹œê°„ 32,ê²Œì„
ë°ìŠ¤ ê²Œì„, YouTube ì˜í™” 1ì‹œê°„ 35,ê²Œì„
Penalty Mind Games ğŸ§ , FootballZoom ,ê²Œì„
[ëŠ‘ëŒ€ê²Œì„ ì–´ë‚˜ë”] [í’€ë²„ì „] ê¶ê·¹ì˜ ì‹¬ë¦¬ì „! Death Hunting EP.1 ã€ç©¶æ¥µã®å¿ƒç†æˆ¦ï¼Death Hunting EP.1ã€ / í’€ë²„ì „ full / ì´ë²¤íŠ¸, ê²Œì„ì€ ì™€ì‚¬ë¹„ ,ê²Œì„
ì˜¤ì…˜ìŠ¤ê²Œì„, YouTube ì˜í™” 1ì‹œê°„ 16,ê²Œì„
12 January 2024, deemjay ,ê²Œì„
[ì¢…ë£Œ] ë¬´ë£Œ ê²Œì„ë“¤ - [ì—í”½ ê²Œì„ì¦ˆ] Human Resource Machine & [GOG] Lacuna â€“ A Sci-Fi Noir Adventure, GomBearNoob ,ê²Œì„
"10 hrs Relaxing Game Music: Aquatic Ambience, DKC", RetroGamingMusic ,ê²Œì„
í—ì˜¤ë²„ ê²Œì„, YouTube ì˜í™” 1ì‹œê°„ 25,ê²Œì„
Rescue cut viral video#game //Man ko is kalu se bachana hai//#funny #video ğŸ˜€ğŸ˜€#viralvideos, F29 STAR ,ê²Œì„
[ê²Œì„ì¶”ì²œ] í”Œë ˆì´ê°€ ê¸°ë‹¤ë ¤ì§€ëŠ” ì¶œì‹œì˜ˆì • ì‹ ì‘ê²Œì„ - Part 2. ì¶œì‹œì¼ ë¯¸ì • ì˜ˆì •ì‘ - ğŸ¤©, ë€ì˜ ê²Œì„ì „ì‹œíšŒ ,ê²Œì„
#ghostbreakpoint #gaming #shootinggames #gameplay, Torrum Gameplay ,ê²Œì„
Will Bran Stark Warg a Dragon? Game of Thrones House of the Dragon ASOIAF Lore, Lore Ramble ,ê²Œì„
game :) / ê²Œì„ ã… (Twitch/YouTube Multi-stream), Brian Teal ,ê²Œì„
NEW TIER LIST! (CHARGE) | UNTITLED BOXING GAME, Jwordz ,ê²Œì„
ã€ŒBeatmania IIDX 31 EPOLISã€ ê²Œì„ë”” ì‹¤ì‹œê°„ ìŠ¤íŠ¸ë¦¬ë°/GAME D Live Streaming, ê²Œì„ë”” ë¹„íŠ¸ë§¤ë‹ˆì•„. ,ê²Œì„
ã€ŒBeatmania IIDX 31 EPOLISã€ ê²Œì„ë”” ì‹¤ì‹œê°„ ìŠ¤íŠ¸ë¦¬ë°/GAME D Live Streaming, ê²Œì„ë”” ë¹„íŠ¸ë§¤ë‹ˆì•„. ,ê²Œì„
Cristiano ronaldo #ronaldo #gameplay, Eyul Gaming Official ,ê²Œì„
BBQ GAME Modes #1 ğŸ®ğŸ”¥, CubeCube Sports Games ,ê²Œì„
Hot Games 2024 |Slope racing 3d Review | Unblocked Games | GOOD GAME, GOOD GAME ,ê²Œì„
[GITADORA DM] KR LIVE ì‹¸ì´ë®¤ì§ ê²Œì„ì›”ë“œ(CYGameworld) GITADORA FUZZ-UP DrumMania ì‹¤ì‹œê°„ ë°©ì†¡, ëŒ€ì „ ì‹¸ì´ë®¤ì§ ê²Œì„ì›”ë“œ CYGameworld ,ê²Œì„
[maimai DX] [L Side] KR LIVE ì‹¸ì´ë®¤ì§ ê²Œì„ì›”ë“œ(CYGameworld) maimai DX BUDDiES ì‹¤ì‹œê°„ ë°©ì†¡, ëŒ€ì „ ì‹¸ì´ë®¤ì§ ê²Œì„ì›”ë“œ CYGameworld ,ê²Œì„
[IIDX] [SM - L Side] KR LIVE ì‹¸ì´ë®¤ì§ ê²Œì„ì›”ë“œ(CYGameworld) beatmania IIDX 31 EPOLIS ì‹¤ì‹œê°„ ë°©ì†¡, ëŒ€ì „ ì‹¸ì´ë®¤ì§ ê²Œì„ì›”ë“œ CYGameworld ,ê²Œì„
[GITADORA DM] KR LIVE ì‹¸ì´ë®¤ì§ ê²Œì„ì›”ë“œ(CYGameworld) GITADORA FUZZ-UP DrumMania ì‹¤ì‹œê°„ ë°©ì†¡, ëŒ€ì „ ì‹¸ì´ë®¤ì§ ê²Œì„ì›”ë“œ CYGameworld ,ê²Œì„
[GITADORA DM] KR LIVE ì‹¸ì´ë®¤ì§ ê²Œì„ì›”ë“œ(CYGameworld) GITADORA FUZZ-UP DrumMania ì‹¤ì‹œê°„ ë°©ì†¡, ëŒ€ì „ ì‹¸ì´ë®¤ì§ ê²Œì„ì›”ë“œ CYGameworld ,ê²Œì„
[maimai DX] [L Side] KR LIVE ì‹¸ì´ë®¤ì§ ê²Œì„ì›”ë“œ(CYGameworld) maimai DX BUDDiES ì‹¤ì‹œê°„ ë°©ì†¡, ëŒ€ì „ ì‹¸ì´ë®¤ì§ ê²Œì„ì›”ë“œ CYGameworld ,ê²Œì„
[IIDX] [SM - L Side] KR LIVE ì‹¸ì´ë®¤ì§ ê²Œì„ì›”ë“œ(CYGameworld) beatmania IIDX 31 EPOLIS ì‹¤ì‹œê°„ ë°©ì†¡, ëŒ€ì „ ì‹¸ì´ë®¤ì§ ê²Œì„ì›”ë“œ CYGameworld ,ê²Œì„
[IIDX] [SM - L Side] KR LIVE ì‹¸ì´ë®¤ì§ ê²Œì„ì›”ë“œ(CYGameworld) beatmania IIDX 31 EPOLIS ì‹¤ì‹œê°„ ë°©ì†¡, ëŒ€ì „ ì‹¸ì´ë®¤ì§ ê²Œì„ì›”ë“œ CYGameworld ,ê²Œì„
[GITADORA DM] KR LIVE ì‹¸ì´ë®¤ì§ ê²Œì„ì›”ë“œ(CYGameworld) GITADORA FUZZ-UP DrumMania ì‹¤ì‹œê°„ ë°©ì†¡, ëŒ€ì „ ì‹¸ì´ë®¤ì§ ê²Œì„ì›”ë“œ CYGameworld ,ê²Œì„
[GITADORA DM] KR LIVE ì‹¸ì´ë®¤ì§ ê²Œì„ì›”ë“œ(CYGameworld) GITADORA FUZZ-UP DrumMania ì‹¤ì‹œê°„ ë°©ì†¡, ëŒ€ì „ ì‹¸ì´ë®¤ì§ ê²Œì„ì›”ë“œ CYGameworld ,ê²Œì„
[maimai DX] [L Side] KR LIVE ì‹¸ì´ë®¤ì§ ê²Œì„ì›”ë“œ(CYGameworld) maimai DX BUDDiES ì‹¤ì‹œê°„ ë°©ì†¡, ëŒ€ì „ ì‹¸ì´ë®¤ì§ ê²Œì„ì›”ë“œ CYGameworld ,ê²Œì„
