영상제목,유튜버,카테고리
겨울에 듣기 좋은 감성 노래 ❄ 유튜브 베스트 발라드 100선 베스트 발라드 ❄ 겨울에 듣기 좋은 따뜻하고 평화로운 겨울 발라드 모음 ❄ 눈이 내리고 있다, Music for you ,뉴스
"𝐏𝐥𝐚𝐲𝐥𝐢𝐬𝐭 ""이 노래 뭐야?"" 힙한 인스타 감성 카페에서 흘러나오는 분위기 좋은 팝송 플리 (feat. 텐퍼센트커피)", 때껄룩ᴛᴀᴋᴇ ᴀ ʟᴏᴏᴋ ,뉴스
하루 종일 듣기 좋은 노래 🎵💖일할때 듣기좋은 발라드 추천 광고없는 노래모음🎶 김범수/ 임창정/ 박효신/성시경/ 백지영/ 더원/태연/박명수/에일리/찬열/ 펀치/ 다비치/로꼬/ 펀치, 발라드 명곡 ,뉴스
"𝙿𝚕𝚊𝚢𝚕𝚒𝚜𝚝 : 아침에 이거 들으면 행복지수 올라감, 은은하게 기분이 좋아지는 데일리팝", 도도리스 ,뉴스
"평화로운 겨울, 피아노 음악의 따스한 감동 - Feel Good | HAPPINESS MELODY", Happiness Melody  ,뉴스
"[Playlist] 한 번 들어봐, 아마 거의 다 띵곡일걸 l OST 노래모음 플레이리스트 광고없음 매장음악 노동요 #1", 눈에띠네 ,뉴스
"𝐏𝐥𝐚𝐲𝐥𝐢𝐬𝐭 ☀️화창한 주말 아침 집돌이,집순이를 위한 기분 좋은 팝송", 𝐓𝐮𝐫𝐧𝐢𝐧𝐠𝐏𝐨𝐢𝐧𝐭 𝐌𝐮𝐬𝐢𝐜 ,뉴스
달달하게 아침을 열어주는 드라이브곡(재업), 모찌샘 ,뉴스
"⭐️2000년 ~ 2003년 20대~50대,  추억의 발라드 1️⃣첫번째 64곡  | 가사(Korean Lyrics) | 타임라인 | 고음질 | 일할때", 야꼬널깨_Music ,뉴스
"하루 종일 듣기 좋은 노래 🎶 일할때 듣기좋은 발라드 추천 광고없는 노래모음🎶  김범수 /임창정 /박효신/성시경/ 백지영/ 더원/태연/박명수/에일리/찬열, 펀치/다비치/로꼬, 펀치", 슬롯지은이 Shorts 하이라이트 ,뉴스
"☕️카페사장님들❗️오늘은 이 음악 틀어요 😘😘 𝘾𝘼𝙁𝙀&𝙅𝘼𝙕𝙕  l 카페재즈, 매장음악 l 𝙍𝙚𝙡𝙖𝙭𝙞𝙣𝙜 𝙅𝙖𝙯𝙯 𝙋𝙞𝙖𝙣𝙤 𝙈𝙪𝙨𝙞𝙘 𝙛𝙤𝙧 𝘾𝙖𝙛𝙚,𝘾𝙤𝙛𝙛𝙚𝙚 𝙎𝙝𝙤𝙥💖", MONKEY BGM ,뉴스
"𝐏𝐥𝐚𝐲𝐥𝐢𝐬𝐭 질리도록 듣는 히트곡엔 그 이유가 있다𝐅𝐞𝐚𝐭. 𝐋𝐚𝐮𝐯, 𝐋𝐚𝐧𝐲, 𝐇𝐨𝐧𝐧𝐞, 𝐤𝐞𝐬𝐡𝐢, 𝐏𝐞𝐝𝐞𝐫 𝐄𝐥𝐢𝐚𝐬, 𝐓𝐫𝐨𝐲𝐞 𝐒𝐢𝐯𝐚𝐧, 𝐂𝐡𝐚𝐫𝐥𝐢𝐞 𝐏𝐮𝐭𝐡", 때껄룩ᴛᴀᴋᴇ ᴀ ʟᴏᴏᴋ ,뉴스
"아침에 듣기 좋은 상쾌한 팝송 모음 🍀 도입부 부터 좋은, 적당히 리듬타는 노래 모음", Blue rain ,뉴스
"(여자)아이들 신곡 '와이프', KBS 방송 부적격 판정…""선정적"" / 연합뉴스TV (YonhapnewsTV)", 연합뉴스TV ,뉴스
신나는 최고의 댄스곡모음! 광고없는 노래듣기! 타임머신타고 출발! #댄스곡   #playlist   #노래모음, 재미랜드-FUNLAND ,뉴스
"겨울에 듣기 좋은 클래식 음악, 눈 오는 날 설레는 겨울,  포근한 감성, 힐링 클래식, 명곡 베스트, Classical Music for Winter, Relaxing music", HiClassic 하이클래식 ,뉴스
음악의 신 - SEVENTEEN [뮤직뱅크/Music Bank] | KBS 231027 방송, KBS Kpop ,뉴스
음악의 신, SEVENTEEN ,뉴스
"*광고없는 메들리*💋신나는 아이돌 관광 디스코 뽕짝 메들리 [음악의 신, 꽃, FANCY, BATTER UP, ETA, IDOL]💘가수. 김홍남. 많이. 사랑해주세요.", 나몰라패밀리 핫쇼 ,뉴스
즐겁게 틀어두기 좋은 활동음악 ❄️ 통통 기분 좋은 리듬과 함께, 케어멜로디 caremelody ,뉴스
잔잔하고 평화로운 카페 피아노 음악 l GRASS COTTON+, GRASS COTTON 그래스코튼 ,뉴스
[Playlist] 추운 겨울 아니면 언제들을래🥶 | 쌀쌀한 날씨에 가만히 틀어놓기 좋은 국내 인디 노래모음 플레이리스트, 핑프 ,뉴스
"💓스타벅스 매장음악 ( 중간광고없음❗️) / Starbucks Jazz Piano Music / 카페음악, 매장음악, 라운지음악", MONKEY BGM ,뉴스
부드러운 아침을 위한 명곡 클래식 음악 모음 | 달콤한 클래식 | 새소리 | 힐링, 코튼테라스 ,뉴스
첼로로 연주하는 클래식 명곡 모음  (feat. 중간광고없음)ㅣ클래식 첼로연주ㅣ수면음악ㅣ마음이 편해지는ㅣ자장가ㅣ바흐ㅣ바하ㅣ무반주ㅣ오늘도 수고하셨습니다ㅣ감성ㅣ첼로 BGM, HELLO CELLO ,뉴스
힘들고 지칠때 위로가 되어주는 노래, 럭셔리개구리 ,뉴스
추억의 싸이월드 감성곡 BGM 9시간, 럭셔리개구리 ,뉴스
"조용히 혼자 있고 싶을 때 듣는 감성음악, 조용한팝송, 광고없는팝송 | Relaxing Pop Music, Soft Pop Music 2023 #LIVE", Deep Mood ,뉴스
[Playlist] 매일이 주말이라면 좋겠어 | 포근포근 이불 속에서 듣는 감성 팝 | warm & cozy pop songs, essential; ,뉴스
"[Playlist]숲 공기🌿가득 마시며 일하기 |업무음악,공부음악,작업음악,집중할때듣는음악,독서음악 |", 마인드피아노 MIND PIANO ,뉴스
"일할때 듣기좋은 발라드 광고없음 🌹 TOP 100 베스트 발라드 모음 양파 🎶 지친 마음을 위로하는 노래: 김필,양파, 이승기,왁스,김범수,소울스타,원티드,숙희,린,민경훈,문명진", 발라드 명곡 ,뉴스
"📋일할 때 듣기좋은 피아노 모음(공부음악,작업음악,집중할때듣는음악,독서음악)", 마인드피아노 MIND PIANO ,뉴스
"하루 종일 듣기 좋은 노래 🎶 일할때 듣기좋은 발라드 추천 광고없는 노래모음🎶  김범수 /임창정 /박효신/성시경/ 백지영/ 더원/태연/박명수/에일리/찬열, 펀치/다비치/로꼬, 펀치", 슬롯지은이 Shorts 하이라이트 ,뉴스
"10시간 잔잔한 수면음악 🎵 스트레스 해소음악, 잠잘때 듣는 음악, 불면증치료음악, 수면유도음악 (My Dream)", 힐링트리뮤직 Healing Tree Music & Sounds ,뉴스
"💻일할 때 듣기 좋은 음악😘일, 공부, 집중에 도움을 주는 재즈피아노 음악💖 l 카페음악, 매장음악 l 𝙅𝙖𝙯𝙯 𝙈𝙪𝙨𝙞𝙘 𝙛𝙤𝙧 𝙎𝙩𝙪𝙙𝙮, 𝙒𝙤𝙧𝙠, 𝙁𝙤𝙘𝙪𝙨", MONKEY BGM ,뉴스
잔잔한 팝송이 흐르는 겨울의 카페 분위기☕️ 팝송 3시간 | Design making tutorial, Blue rain ,뉴스
"[중간광고없는 피아노10시간]드라마 OST 명곡 10시간 모음(집중,힐링,공부,카페,병원,매장 음악)Relaxing Piano 10Hour", 마인드피아노 MIND PIANO ,뉴스
"🎥전 세계 사람들이 다 알만한 영화 OST 피아노 연주 모음 l Relaxing Jazz Piano Music l 카페재즈, 매장음악 l 중간광고없음❌", MONKEY BGM ,뉴스
[Playlist] 오늘은 무조건 내 기분이 좋아야겠어 🙂🙃🙂 | 시끄럽지 않아서 아무생각 없이 틀어놓으면 극락가는 국내 노래모음 플레이리스트, 핑프 ,뉴스
"[Playlist] 주말 오후, 광합성하기 좋은 온실 카페에서 🌿ㅣ따뜻했던 무수한 날들에 대한 단상ㅣafternoon chilling tape 📼", essential; ,뉴스
𝑷𝒍𝒂𝒚𝒍𝒊𝒔𝒕✨2023년을 빛낸 띵곡만 모은 팝송 플레이리스트 | 광고없는 핫한 인기팝송 모음, 나만의 플레이리스트 | 𝑻𝒉𝒆:𝑯𝒛 ,뉴스
아침에 듣기좋은 잔잔한 음악모음 🐛하루10분 만병을 치료 해주는 힐링 명상 기치료 음악 및 영상 - 아침명상음악 - 아침음악 - 힐링음악 - 명상음악, Beautiful Relaxing Piano ,뉴스
5분만 들으면 바로 깊은 잠에 들어갑니다 | 잠들때 듣는 음악 | 잠오는 음악 | 수면 유도 음악 | 수면음악 | 잠잘 때 듣기 좋은 노래 힐링음악 명상음악, RELAXING - 편안해지는 음악 ,뉴스
평화로운 영혼을 위한 잔잔한 피아노 음악 - Good Day | HAPPINESS MELODY, Happiness Melody  ,뉴스
"마음이 차분해지는 힐링음악🌲하루10분 만병을 치료 해주는 힐링 명상 기치료 음악 및 영상 - 아침음악, 힐링음악, 명상음악, 스트레스해소음악", Beautiful Relaxing Piano ,뉴스
스타벅스 매장음악 ☕ 실시간 음악 🎁 매장음악 광고없는🎹  週末の朝カフェBGM ☕ STARBUCKS Soothing Jazz for work and study, 스타벅스 매장음악 2022 ,뉴스
하루 종일 듣기 좋은 노래 🎶일할때 듣기좋은 발라드 추천 광고없는 노래모음🎵💖 김범수/ 임창정/ 박효신/성시경/ 백지영/ 더원/태연/박명수/에일리/찬열/ 펀치/ 다비치/로꼬/ 펀치, 발라드 명곡 ,뉴스
"스타벅스 매장음악실시간 음악 🥤 매장음악 광고없는  週末の朝カフェBGM ☕ STARBUCKS Soothing Jazz for Work, Study and Relax.", 스타벅스 매장음악 2022 ,뉴스
강아지가 좋아하는 음악💖🎵강아지 수면유도 음악 20시간🐶💖강아지 심리안정을 윈한 분리불안 완화 음악🎵💖강아지 편안한 휴식 음악🐶💖출근할때 외출할때 틀어주세요 by 힐링메이트, HealingMate - Dog Music ,뉴스
[Library Time] 🎧 도서관에서 듣기 좋은 피아노 음악  | Relaxing Piano [공부를 위한 BGM], LIBRARY PIANO-라이브러리 피아노 ,뉴스
하루 종일 듣기 좋은 노래 🎵💖일할때 듣기좋은 발라드 추천 광고없는 노래모음🎶 김범수/ 임창정/ 박효신/성시경/ 백지영/ 더원/태연/박명수/에일리/찬열/ 펀치/ 다비치/로꼬/ 펀치, 주황색 ORANGE MUSIC ,뉴스
"겨울의 감미로움, 피아노 음악으로 느끼다 - Lovely Winter | HAPPINESS MELODY", Happiness Melody  ,뉴스
세상의모든음악 240125, J woodworks ,뉴스
[Playlist] 아무생각 없이 딴짓할 때 틀어놓기 좋은 노래들🙄 | 적당히 둠칫해서 극락가는 국내 노래모음 플레이리스트, 핑프 ,뉴스
"[최신가요 실시간 인기차트] 2024년 1월 18일 2주차, 멜론차트 X, 종합차트O, 노래모음 KPOP 플레이리스트", 차트둥이 ,뉴스
"겨울의 향기, 피아노 음악으로 전하는 순간 - Beautiful Winter Day", Soft Melody ,뉴스
[Playlist] 오늘부터 이 플리 들으면서 갓생 살거임❤️‍🔥 | 저절로 기분 좋아지는 연말 연초를 위한 국내 노래모음 플레이리스트, 핑프 ,뉴스
음악의 신, SEVENTEEN ,뉴스
"𝗝𝗮𝘇𝘇 𝗣𝗶𝗮𝗻𝗼 l 그런 음악 있잖아, 딱 적당히 리듬 타는 분위기", Loo Piano 루 피아노 ,뉴스
10분안에 깊게 잠들수 있어요-5분후 화면 꺼짐-잠 잘때 듣는 음악-수면 유도 음악-잠 잘때 듣기 좋은 음악🌙, Healing & Silent   ,뉴스
"【스타벅스 BGM】🥤1월에 스타벅스 최고의 음악을 듣습니다 🥤아침에 카페에서 듣고 싶은 우아한 스타벅스 음악, 스타벅스 재즈 카페 음악으로 마음과 몸을 풀어보세요", 스타벅스 매장음악 2022 ,뉴스
[Playlist] 슬슬 연말 분위기를 내볼까요? | 퍼펙트 크리스마스 캐롤 플레이리스트🎄🎅🎁 | Best Christmas Pop Songs Of All Time, essential; ,뉴스
광고 없는 팝송 베스트 - 신나는 팝송 - 인기팝송 모음 - 최고의 외국 음악 2023 - 팝송 명곡 - 최신 곡 포함 | Best Popular Songs Of 2023, Playlist 음악 외국 ,뉴스
𝐏𝐥𝐚𝐲𝐥𝐢𝐬𝐭 음악을 듣고 있으면 늘 행복한 기분이 드는 적당히 유쾌한 감성 노래 모음, 항상 기분 | mood ,뉴스
𝐏𝐥𝐚𝐲𝐥𝐢𝐬𝐭 항상 주말이라면 얼마나 좋을까? 아무 생각 없이 편하게 쉬면서 듣기 좋은 팝송 soft & cozy pop songs, 때껄룩ᴛᴀᴋᴇ ᴀ ʟᴏᴏᴋ ,뉴스
하루의 시작부터 좋은 기운을 가져다주는 밝은 피아노 연주 🌼 Good Morning | Happiness Melody, Happiness Melody  ,뉴스
[Playlist] 쌀쌀한 겨울 아니면 언제들을래 🥶 | 포근하게 틀어놓기 좋은 따뜻한 국내 발라드 노래모음 플레이리스트, 핑프 ,뉴스
7080 추억의 음악다방 - 광고 없는 7080 좋은노래 59곡 모음 - 추억으로 떠나는 7080 노래여행 - 7080 노래 - 708090 시대별 애창곡, 휴식을 위한 음악 - Relaxing 𝑀𝘜𝑆𝘐𝐶 ,뉴스
"𝗣𝗟𝗔𝗬𝗟𝗜𝗦𝗧 하얀 세상에서 듣는 밴드음악, 겨울의 인디밴드 | 잔나비, 유다빈밴드, 소란, 혁오 •••", 인디인디 In The Indie ,뉴스
"[Playlist] 잔잔한 인디음악 모음 _ 카더가든, 잔나비, 검정치마, 혁오, 짙은, 데이먼스이어", Give U ,뉴스
Playlist 하루 종일 들어도 좋은노래 🎶 BEST 100곡 유튜브 최고에 명곡모음 💝 발라드 유명한 곡들 🌹 일할때 듣기좋은 발라드 추천 광고없는 노래모음, 발라드 명곡  ,뉴스
혼자 듣기 아쉬운 역대급 외국 영화음악 OST 33곡 모두 해석해버리기 | PLAYLIST, H녀 ,뉴스
Always Acoustic #6 - 아침에 듣기 좋은 어쿠스틱 팝송 / 카페 팝송 /Indie/ Folk/ Acoustic Pop Playlist [라센트뮤직], LaCentMusic라센트뮤직 ,뉴스
"👏 40대 모두가 좋아했던, 90~00년대 음악 31곡(2시간) 1탄 | 가사(Korean Lyrics) | 타임라인 | 고음질 | 일할때", 야꼬널깨_Music ,뉴스
"옛 추억의 멜로디, 최고의 피아노 음악, 아름다운 겨울 - Beautiful Day | HAPPINESS MELODY", Happiness Melody  ,뉴스
"Playlist | 겨울을 담은, 재즈", 기분Jazz네 | Mood is Jazz ,뉴스
"기쁨의 새벽, 아침을 활기차게 시작하는 피아노 - Morning Vibes | HAPPINESS MELODY", Happiness Melody  ,뉴스
"𝐏𝐥𝐚𝐲𝐥𝐢𝐬𝐭 아침에 듣기 좋은 팝송모음, 하루의 시작을 기분좋게 만드는 음악모음", 사계 ꜰᴏᴜʀ sᴇᴀsᴏɴs ,뉴스
"𝐏𝐥𝐚𝐲𝐥𝐢𝐬𝐭 내가 사랑한 것들은 언젠간 날 울게 만든다 | 카더가든, 잔나비, 검정치마, 혁오, 데이먼스이어", 때껄룩ᴛᴀᴋᴇ ᴀ ʟᴏᴏᴋ ,뉴스
"𝙿𝚕𝚊𝚢𝚕𝚒𝚜𝚝 : 아니, 이런 노래는 어떻게 아는거야?? 너무 좋자나... | 언제 들어도 좋지만 겨울에 들으면 더 좋은 팝송들", 리틀  포레스트 ,뉴스
푸릇푸릇 기분 좋은 피아노 음악 🥝 산뜻한 선율과 함께하는 시간, 케어멜로디 caremelody ,뉴스
𝐏𝐥𝐚𝐲𝐥𝐢𝐬𝐭 따사로운 봄을 기다리며 spring pop 🌱🌼, 때껄룩ᴛᴀᴋᴇ ᴀ ʟᴏᴏᴋ ,뉴스
세대공감 노래모음 #아이유 #악뮤 #태연 #브라운아이즈, 오룡 잡식TV ,뉴스
일할때 듣기좋은 발라드 추천 광고없는 노래모음 - 유튜브 베스트곡 BEST TOP 100 - 김필/ 아이유 /송창의/ 성시경/ 백지영/ 더원/태연/박명수/에일리/김범수/ 임창정, 1980 발라드 ,뉴스
드라마 OST   영화 사운드 트랙 컬렉션 광고 없음  Korean Drama OST, THE COFFE MUSIC - 더 뮤직카페 ,뉴스
들으면 기분이 좋아지는 편안한 음악 - Beautiful Day | PEACE OF MIND, Peace Of Mind ,뉴스
행운을 끌어오는 신비한 명상음악🌲하루10분 만병을 치료 해주는 힐링 명상 기치료 음악 및 영상 - 아침음악 - 힐링음악 - 명상음악 - 스트레스해소음악, Beautiful Relaxing Piano ,뉴스
𝐏𝐥𝐚𝐲𝐥𝐢𝐬𝐭 지친 마음을 달래줄 따뜻한 지브리 OST 모음 | 오케스트라 버전 | 가사 없는 음악 | Studio Ghibli OST, 기몽초 ,뉴스
𝐏𝐥𝐚𝐲𝐥𝐢𝐬𝐭 2023년 여자아이돌 노래 총모음 | 올해 유행했던 여자아이돌 노래 연말결산 💖, 때껄룩ᴛᴀᴋᴇ ᴀ ʟᴏᴏᴋ ,뉴스
"[Playlist] 원래 적당히 잔잔한게 더 설레는 거야💝 | 틀어놓기 좋은 매장음악, 카페음악 또는 노동요 노래모음 플레이리스트", 핑프 ,뉴스
하루 종일 듣기 좋은 노래 🎵💖일할때 듣기좋은 발라드 추천 광고없는 노래모음🎶 김범수/ 임창정/ 박효신/성시경/ 백지영/ 더원/태연/박명수/에일리/찬열/ 펀치/ 다비치/로꼬/ 펀치, 주황색 ORANGE MUSIC ,뉴스
"𝗣𝗟𝗔𝗬𝗟𝗜𝗦𝗧 문득 인디음악에 파묻히고 싶을 때가 있잖아요 | 허회경, 백아, 김현창, 너드커넥션 •••", 인디인디 In The Indie ,뉴스
"눈 내리는 밤, 마음이 따뜻해지는 수면음악☁잠잘때 듣는음악,불면증 치료음악,잠안올때 듣는음악", 뮤직 메이트 Music Mate ,뉴스
🌙듣자마자 스르르 눈이 감겨요 수면유도음악 -5분후 화면 꺼짐--잠 잘때 듣기 좋은 음악, Healing & Silent   ,뉴스
대한민국 국민들의 노래방 18번 20곡! / 초혼 막걸리 한 잔 평행선 미운사랑 니가 왜 거기서 나와 바램, 뮤직월드 Music World ,뉴스
☘세상에서 제일 아름다운 피아노 명곡 A / The most beautiful piano music in the world / fine relaxation /좋은 휴식, purifymusic ,뉴스
[ᴘʟᴀʏʟɪsᴛ] 작업에 집중할 수 있는 귀가 편안한 감성팝 💚, 민플리ᴘʟᴀʏʟɪsᴛ ,뉴스
[Playlist] 오늘은 왠지 예감이 좋아 🧃ㅣ기분 UP! 하루를 열어주는 Daily Popㅣhappy day good morning 🧃, essential; ,뉴스
음악의 신 - SEVENTEEN [뮤직뱅크/Music Bank] | KBS 231027 방송, KBS Kpop ,뉴스
[10곡 이어듣기] 내가 사랑한 영화음악 Film Music Playlist, Windbird's Music Scrap ,뉴스
Always Acoustic #1 - 커피와 어울리는 어쿠스틱 팝송 / 카페 팝송 /잔잔한 팝송 Indie/ Folk/ Acoustic Pop Playlist [라센트뮤직], LaCentMusic라센트뮤직 ,뉴스
[Playlist] 쌀쌀한 날엔 홈카페 오픈 ☕️ | 집 안을 채우는 포근한 감성 BGM with 삼성TV | soft & cozy pop, essential; ,뉴스
"*광고없는 메들리*💋신나는 아이돌 관광 디스코 뽕짝 메들리 [음악의 신, 꽃, FANCY, BATTER UP, ETA, IDOL]💘가수. 김홍남. 많이. 사랑해주세요.", 나몰라패밀리 핫쇼 ,뉴스
"[명상음악] 우와 진짜 놀랍다. 하루10분 만병을 치료 해주는 힐링 명상 기치료 음악 및 영상, 스트레스 해소 음악, 긴장이완음악, 편안한 음악 (치유음악)", Relaxing Music Korea ,뉴스
[예능연구소] RIIZE - Love 119 (라이즈 – 러브 119) FanCam | Show! MusicCore | MBC240120방송, MBCkpop ,뉴스
"☕️ 뭐지? 나 스타벅스 언제왔지? 🤭 l 중간 광고 없는❗️ 매장 음악, 카페 음악 l starbucks jazz piano music", MONKEY BGM ,뉴스
일할때 듣기좋은 발라드 추천 광고없는 노래모음 - 유튜브 베스트곡 BEST TOP 100 - 송창의/ 성시경/ 백지영/ 더원/태연/박명수/에일리/김범수/ 임창정, 1980 발라드 ,뉴스
"1990년~2000년 발라드음악 | 광고없음 | 박효신,임재범, 김동률...| PLAYLIST", 렛츠코 LETSKO ,뉴스
저와 함께 긍정적으로 하루를 시작해 보세요 - Morning Mood  | HAPPINESS MELODY, Happiness Melody  ,뉴스
𝐏𝐥𝐚𝐲𝐥𝐢𝐬𝐭 상쾌하고 산뜻한 하루💙 | 기분전환이 필요할 때 듣는 리드미컬 팝, 파란하늘 Blue Sky ,뉴스
경쾌한 아침을 여는 명곡 클래식 음악 모음 | 밝은 클래식 | 숲속 새소리 | 힐링, 코튼테라스 ,뉴스
2024년 1월 여자아이돌 걸그룹 노래모음 2 (가사포함) | Kpop Girl Group Playlist (Korean Lyrics), 밤공원 ,뉴스
"10시간 크리스마스 캐롤 수면음악 + 모닥불소리 🎵 잔잔한음악, 스트레스해소음악, 마음이 편안해지는 음악", 힐링트리뮤직 Healing Tree Music & Sounds ,뉴스
[Playlist]나만의 시간 | My time, Midnight Mood 미드나잇무드 ,뉴스
"𝙿𝚕𝚊𝚢𝚕𝚒𝚜𝚝 : 비오는날 듣기좋은 노래, 이게 바로 뉴욕 감성이라는 거야", 도도리스 ,뉴스
추억의 음악다방 신청곡_팝송(2), 음악다방 하얀목마 ,뉴스
김란영 카페음악(2) 30곡 + 가사, 마카다 ,뉴스
"'Windy Day' 당신의 편안한 마음을 위한 힐링음악☁휴식음악,스트레스 해소음악,명상음악 - by@Green Whale", 뮤직 메이트 Music Mate ,뉴스
"[PLAYLIST] 출근길, 노래라도 신나야 해｜Way To Work Playlist", 럽욜셆 LOVE YOURSELF ,뉴스
𝗝𝗮𝘇𝘇 𝗣𝗶𝗮𝗻𝗼｜집순이들의 주말을 위하여, Loo Piano 루 피아노 ,뉴스
"듣자마자 떡실신하는 수면유도음악 🎵 10시간 연속,중간광고없음,잠안올때 듣는 음악,잠잘때 듣는 음악", 수딩 멜러디 ,뉴스
『광고없음』 7080발라드모음 - 7080 노래모음 60곡 : SG 워너비 — 내사람，엠씨 더 맥스 - 행복하지 말아요，양파-알아요，박효신 - 눈의 꽃，더클래식 - 마법의 성, Kpop Music - POP Ballad - 발라드 모음 ,뉴스
[Playlist] 2023년 케이팝 연말 결산❤️‍🔥 | 도입부터 극락가는 K-pop 노동요 & 매장음악 노래모음 플레이리스트, 핑프 ,뉴스
[Playlist] 🌸 적당히 둠칫해서 틀어놓기 딱 좋ㅇㅏ l 광고없는 노래모음 플레이리스트 3시간 🌸, 눈에띠네 ,뉴스
Starbuck Jazz 2024 🍁  스타벅스 매장음악☕실시간 음악 🎹 매장음악 광고없는 🌻 週末の朝カフェBGM ☕Soothing Jazz for work, 스타벅스 매장음악 2022 ,뉴스
첫소절만 들어도 눈물샘 폭발하는 슬픈 노래모음 ♪들으면 눈물나는 발라드 명곡추천 ♪ 성시경/ 백지영/ 더원/태연/김범수 /임창정 /박효신/박명수, Lover Music Korean ,뉴스
[Playlist] 굿모닝~ 아침길 기분 UP! 하게 만드는 PopㅣHave a nice day! Trendy Pop 🌅, essential; ,뉴스
"𝐏𝐥𝐚𝐲𝐥𝐢𝐬𝐭 ☀️화창한 주말 아침 집돌이,집순이를 위한 기분 좋은 팝송", 𝐓𝐮𝐫𝐧𝐢𝐧𝐠𝐏𝐨𝐢𝐧𝐭 𝐌𝐮𝐬𝐢𝐜 ,뉴스
[Playlist] 상쾌하고 산뜻한 하루💙 | 기분전환이 필요할 때 듣는 리드미컬 팝 | refresh pop for good day💙, essential; ,뉴스
[Playlist] 따뜻한 겨울의 조각들 | warm & cozy winter pop, essential; ,뉴스
"[playlist] 조용히 혼자 있고 싶을 때 듣는 감성음악, 조용한팝송, 광고없는팝송 | Relaxing Pop Music, Soft Pop Music 2021", K BOO ,뉴스
"[Playlist] 첫 눈, 추워질 때 들으려고 아껴둔 겨울 팝송 대방출", Deep Mood ,뉴스
[400만뷰] 🎬 히사이시 조의 따뜻한 영화음악 명곡들 모아듣기, 유니키즈 ,뉴스
[Playlist] 덴마크의 아침은 행복해 | 행복지수 높아지는 데일리 팝 with 덴프스 | good morning pop, essential; ,뉴스
"[playlist] 파리의 아침, 센 강에서 여유를", 네고막을책임져도될까 ,뉴스
"한국인이 좋아하는 클래식 명곡 베스트 15곡 🎧 마음을 위로해주는 클래식 모음🎧 힐링 클래식｜수면 클래식 명곡｜베토벤,쇼팽,모차르트,바흐,사티,슈베르트,슈만,그리그,리스트"," 쉼, 🎧 Soothing Echo ",뉴스
"☕️내방을 카페로 만들어주는 가요 피아노 100곡 모음[카페음악,공부음악,집중,힐링]", 마인드피아노 MIND PIANO ,뉴스
"【𝐏𝐥𝐚𝐲𝐥𝐢𝐬𝐭】 다 비켜, 내가 최고야🔥 자존감 높이는 드라마 OST 모음💎｜𝗺𝗼𝘁𝗲𝗺𝗼𝘁𝗲", 모트모트TV ,뉴스
"근심과 걱정을 없애주는 수면음악, 편안한 명상음악 'starlight falls'", 힐링앤뮤직 Healing and Music ,뉴스
[Playlist] 라떼 싸이월드는 말이야~ ♪| 싸이월드 노래 플레이리스트, 엄지노 ,뉴스
♣Beautiful Classical Music(아름다운 클래식 음악) 15곡 1집♣, 만리향TV ,뉴스
이문세 명곡 11곡, 이코코파파 ,뉴스
{Playlist} 작업하자 그루브한 음악이 흘러나오는 곳에서 | Groove & RnB & pop Playlist, 브로드플레이 ,뉴스
집중과 편안함에 도움을 주는 피아노 연주 ⎮ 중간광고없음 ⎮ 집중 공부 힐링 휴식 감성 명상 태교음악 카페음악, Cold Water ,뉴스
"[지브리 스튜디오] 공부할때, 일할때 듣기좋은 음악 모음 12시간(검은화면) (12hours)(피아노)(Relaxing Piano Studio Ghibli Collection)", #include 〈music.h〉 ,뉴스
신나는노래 - 댄스곡 연속듣기 ♫ 90년대 댄스곡 모음 ♫ 운동할때 듣는음악 신나는노래 ♫ 광고없는 노래, Vibrant Music ,뉴스
"90~2000년 초 댄스곡 모음,  90년대에서 2000년대 초반 히트했던 신나는 댄스음악 40곡 연속듣기. 기분좋을때 들으면 더욱신나는 노래, 보고듣는 소울뮤직TV", 소울뮤직TV ,뉴스
아침이 달라지는 효과적인 수면법! 5시간 파워 숙면 뇌파소리!할 일이 많은 날 고효율 5시간 숙면!, Deep Sleep - 델타파 수면 ,뉴스
"스타벅스 매장음악실시간 음악 🥤 매장음악 광고없는  週末の朝カフェBGM ☕ STARBUCKS Soothing Jazz for Work, Study and Relax.", 스타벅스 매장음악 2022 ,뉴스
𝐏𝐥𝐚𝐲𝐥𝐢𝐬𝐭 이거 들으면 무조건 바람 쐬러 가고 싶을걸!, 파란하늘 Blue Sky ,뉴스
"[ 𝐍𝐈𝐆𝐇𝐓 𝐉𝐀𝐙𝐙 ] 저녁에 듣기 좋은 잔잔한 재즈플레이리스트🌃 l Romantic Jazz, Relaxing Jazz Piano Music for Good Mood🌠", MONKEY BGM ,뉴스
겨울에 듣기좋은 따뜻한 느낌의 놀이음악 🎄 행복한 마음으로 듣는 선율, 케어멜로디 caremelody ,뉴스
7080 추억의 음악다방 - 가슴 시린 슬픈 노래 모음 - 버스에서 차안에서 듣기 좋은 노래모음 - 추억으로 떠나는 7080 노래여행, 7080노래모음 주옥같은노래 ,뉴스
"[playlist] 사람들이 다 알만한 영화 OST 피아노 연주 모음 ⎮ 공부, 휴식, 일할때, 카페음악", 율다우TV ,뉴스
𝗝𝗮𝘇𝘇 𝗣𝗶𝗮𝗻𝗼｜추위도 음악도 깊어지겠지, Loo Piano 루 피아노 ,뉴스
[Playlist] 적당히 신나고 둠칫한 노래를 찾는 핑프들을 위해 ㅇㅂㅇ | 국내 알앤비 인디 노래모음 플레이리스트 광고없음, 핑프 ,뉴스
[Playlist] 내가 사랑한 류이치사카모토의 음악, my blue valentine ,뉴스
🥨 선곡 맛집 카페에서 흘러나오는 팝송 모음 | PLAYLIST, 찐막 JJINMAK ,뉴스
"마음의 휴식을 위한 힐링음악☁편안한 피아노 음악ㅣ독서음악,공부음악,명상음악 -""Gift""", 뮤직 메이트 Music Mate ,뉴스
세상에서 가장 아름다운 멜로디가 당신의 마음을 감동시킵니다 - 어쿠스틱 기타 음악 2023, Romantic Guitar ,뉴스
[PLAYLIST] 이거 들으려고 일부러 드라이브 하는 중 | Drive Playlist, 럽욜셆 LOVE YOURSELF ,뉴스
싸이월드 감성 80곡 5시간 노래모음🔉 1132 PLAYLIST, 1132 PLAYLIST ,뉴스
개밤보라119-신청곡이 맛있는 음악맛집, 개밤보라-문산김서방 음악채널 ,뉴스
복면가왕 스페셜 ★국카스텐 하현우 무대 모음집★ (음악대장), MBCkpop ,뉴스
하루 종일 듣기 좋은 노래 🎵💖일할때 듣기좋은 발라드 추천 광고없는 노래모음🎶 김범수/ 임창정/ 박효신/성시경/ 백지영/ 더원/태연/박명수/에일리/찬열/ 펀치/ 다비치/로꼬/ 펀치, 주황색 ORANGE MUSIC ,뉴스
"[중간광고없는 피아노10시간]피아노로 듣는 가요,팝 명곡 모음(집중,힐링,공부,카페,병원,매장 음악)Relaxing Piano 10Hour", 마인드피아노 MIND PIANO ,뉴스
【𝐏𝐥𝐚𝐲𝐥𝐢𝐬𝐭】 라떼 플레이리스트📀 ㅈㅣㄷㅐ 좋은 노래들만 골랐슴 일단 들어봐~, 쥬크박스 ,뉴스
아침에 활기차게 듣는 행복음악 ☀️ 생기를 돋우는 긍정 메세지, 케어멜로디 caremelody ,뉴스
마음의 휴식을 위한 힐링음악☁스트레스 해소음악ㅣ편안한음악ㅣ명상음악ㅣ피아노음악, 뮤직 메이트 Music Mate ,뉴스
[Playlist] 트렌디한 카페에서 흐르는 팝송ㅣfrom Instagrammable Cafe, essential; ,뉴스
"[Playlist] 아니, 이런 노래는 어떻게 아는거야?? 너무 좋자나... | 노래 좀 듣는 애 플레이리스트😎ㅣShe has good taste in music😎", essential; ,뉴스
애니메이션 피아노 모음 [공부할 때 듣는 음악 / Piano Music for Study], Flow Music ,뉴스
"편안한 마음과 휴식을 위한 힐링음악☁빗소리,휴식음악,스트레스 해소음악 - ""Rainy Afternoon""", 뮤직 메이트 Music Mate ,뉴스
"(playlist) 예술은 길고 인생은 짧다, 류이치 사카모토의 음악", All was well ,뉴스
"[𝒑𝒍𝒂𝒚𝒍𝒊𝒔𝒕] 아늑한 밤, 지브리 피아노 수면음악 3시간 /relaxing, relief, studying, Studio Ghibli", Piano Forest 피아노와 숲 ,뉴스
"공부할때 듣는 음악 모음♬ (집중력 높이는 음악) |아련한, 슬픈, 잔잔한 음악 1시간", Tido Kang ,뉴스
"[연속재생] 카페에서 틀기좋은 감성팝송 연속듣기 -매장음악,bgm,카페bgm,연속듣기,7080음악-", 도언 ,뉴스
[Playlist] 틀어놓으면 그냥 기분이 좋아지는 노래모음 플레이리스트 안 좋아지면 환불해드림 ㅋ 광고없음, 핑프 ,뉴스
"댄스곡 노래모음 - 누구나 좋아 하는 신나는 댄스 댄스 곡 - 광고없는 90년대 댄스곡 💥 슬퍼지려 하기전에 , 편지 , 잘못된 만남 , 실연 ,  흔들린우정", 신나는 노래 모음 90-2000 ,뉴스
"[Playlist] 아, 이 노래들은 진짜 알려주기 아까운데ㅣOh, I really don't want to tell you these songs", essential; ,뉴스
"🥤 카페에서 듣기 좋은 포근한 보사노바 재즈 음악 l 카페음악, 매장음악, 라운지음악 l Jazz Piano Music", MONKEY BGM ,뉴스
"무드있는 잔잔한 팝송 플리🌙 감성 팝송 모음 | 적당한 비트, 책읽을때 듣기 좋은 음악 | Design making tutorial", Blue rain ,뉴스
[2시간] PRAY - 깊은 기도로 인도하는 음악 / Deep Pray Music / Relaxation Music / Meditation Music / God with us, Christian BGM 크리스찬 BGM ,뉴스
"10시간 편안한 수면유도음악 + 물소리 🎵 명상음악, 잠잘때듣는음악, 힐링음악, 수면음악 (Daisy)", 힐링트리뮤직 Healing Tree Music & Sounds ,뉴스
추억의 음악다방 신청곡_팝송(1), 음악다방 하얀목마 ,뉴스
[Playlist] 분위기에 취할 세련된 도시감성ㅣBest Popular Songs Of 2020, essential; ,뉴스
[ Playlist ] 깊은 음향으로 귀를 즐겁게 해줄 최고의 음악 | Jazz Lab for Studying | Relaxing | Working, Jazz Lab ,뉴스
1990년대 히트곡 BEST100곡 - 🎧응답하라 1990  불후의명곡 🎵 6시간23분 연속 듣기!  90's kpop 100 collection【Playlist】_#2, 맛집총각 - @foodmap1004 ,뉴스
"🌞[편안한 음악 10곡(1편)]지친, 매일 들어도 힐링과 힘이되는 위로 음악 | 클래식 명곡 피아노 | 공부할 때 태교 자장가 잔잔한 조용한 아름다운 평화로운 수면 스트레스 베토벤", 일미터클래식 1mClassic ,뉴스
"[Playlist] 2000년대 초 인디음악 명곡 플리 (델리스파이스, 언니네 이발관, 넬, 자우림, 노브레인 등등)", ROXTAMUZIK&LIVE ,뉴스
아이들의 즐거운 모닝송 ☀️ 생기 가득한 오늘의 음악, 케어멜로디 caremelody ,뉴스
"𝐏𝐥𝐚𝐲𝐥𝐢𝐬𝐭 짝사랑 포기할때 듣는 노래 | 10cm, 카더가든, 최유리, 데이먼스이어의 새벽 인디 음악", 때껄룩ᴛᴀᴋᴇ ᴀ ʟᴏᴏᴋ ,뉴스
자장가(lullaby) 브람스( Brahms)아기수면음악 ♫오르골 (Orgel) ♫ 수면음악♫공부음악♫SleepingMusic♫Lullabies  For Babies, Kinopost l 키노포스트 ,뉴스
𝐏𝐥𝐚𝐲𝐥𝐢𝐬𝐭 𝟐𝟎𝟐𝟏 올해 가장 인기가 많았던 잔잔한 팝송 [69곡], 𝐓𝐮𝐫𝐧𝐢𝐧𝐠𝐏𝐨𝐢𝐧𝐭 𝐌𝐮𝐬𝐢𝐜 ,뉴스
[Playlist] 더운 여름에 틀어놓으면 그냥 기분이 좋아지는 노래모음 플레이리스트 안 좋아지면 환불해드림 ㅋ #6 | 노동요 & 매장음악 플레이리스트, 핑프 ,뉴스
"💖이제 일할 맛 나네💖  l Office Jazz l Relaxing Jazz Piano Music l 사무실재즈, 카페재즈, 매장음악, 라운지재즈", MONKEY BGM ,뉴스
"3시간 포근한 수면음악 + 풀벌레소리 🎵 스트레스해소음악, 잠잘때듣는음악, 힐링음악, 잠오는음악 (Nostalgia)", 힐링트리뮤직 Healing Tree Music & Sounds ,뉴스
[TOP50] 그때 그 시절 우리를 설레게 한 뉴에이지 명곡 BEST | The Best of New Age Music Collection, STOMP MUSIC ,뉴스
카페에서 듣기 좋은 트렌디한 팝송 ✨ 적당히 신나고 경쾌한 노래 /카페음악, Blue rain ,뉴스
[Playlist] 오늘은 뭔가 감성지고 싶을 때 틀어놓기 좋은 국내 발라드 띵곡 노래모음 플레이리스트#2, 핑프 ,뉴스
🌷기분 좋은 하루의 시작!따뜻한 봄 햇살같은 피아노 소품집 10시간모음, 마인드피아노 MIND PIANO ,뉴스
"2000년대 중후반 발라드 명곡, 감성을 자극하는 감동적인 노래 및 들을수록 흥얼거리게 만드는 리디미컬한 발라드 명곡 모음,  소울뮤직TV", 소울뮤직TV ,뉴스
"하루 종일 듣기 좋은 노래 🎶 일할때 듣기좋은 발라드 추천 광고없는 노래모음🎶  김범수 /임창정 /박효신/성시경/ 백지영/ 더원/태연/박명수/에일리/찬열, 펀치/다비치/로꼬, 펀치", 슬롯지은이 Shorts 하이라이트 ,뉴스
봄에 듣기 좋은 인기곡 / 피아노 연주 모음 - Piano Spring | HAPPINESS MELODY, Happiness Melody  ,뉴스
[Playlist] 틀어놓으면 그냥 기분이 좋아지는 노래모음 플레이리스트 안 좋아지면 환불해드림 ㅋ #4, 핑프 ,뉴스
[Playlist] 정처 없이 걷다가 들어간 헌책방에서 흘러나오는 재즈 l Jazz at the bookstore, 재즈 리스트 l Jazz List ,뉴스
"밝고 경쾌한 , 맑고 고운 음악 33곡 이어 듣기", 초록 세상 ,뉴스
"[중간광고없는 피아노10시간]편안한 가요,팝명곡 모음(집중,힐링,공부,카페,병원,매장 음악)Relaxing Piano 10Hour", 마인드피아노 MIND PIANO ,뉴스
자는 내내 편안한 아기 수면음악 12시간 🌟 통잠을 위한 자장 멜로디, 케어멜로디 caremelody ,뉴스
[playlist] 들으면 기분 좋아지는 디즈니/픽사 ost 모음 🏰✨, 슈바미 ,뉴스
[예능연구소] RIIZE WONBIN – Love 119 (라이즈 원빈 - 러브 119) FanCam | Show! MusicCore | MBC240120방송, MBCkpop ,뉴스
차분. 슬픔.그리움.옛생각.  맑고청아한.음악감상하세요^^, 콩이. ,뉴스
"함께 맞는 주말 햇살, 나란히 듣는 재즈 | Jazz Piano | Playlist | 카페 음악 | 로비 음악", Loo Piano 루 피아노 ,뉴스
귀엽고 잔잔한 아기 놀이음악 🐣 행복감을 높이는 긍정 멜로디, 케어멜로디 caremelody ,뉴스
신나는노래 - 댄스곡 연속듣기 ♫ 90년대 댄스곡 모음 ♫ 운동할때 듣는음악 신나는노래 ♫ 광고없는 노래, Vibrant Music ,뉴스
"Playlist | 디즈니 공주, 재즈 Playlist", 기분Jazz네 | Mood is Jazz ,뉴스
"휴식을 위한 시간☁힐링 음악,편안한 음악,스트레스 해소음악,빗소리 - ""Falling Rain""", 뮤직 메이트 Music Mate ,뉴스
[𝐏𝐥𝐚𝐲𝐥𝐢𝐬𝐭] ✨한 번씩은 들어본 올드팝송 모음 𝙾𝚕𝚍 𝚙𝚘𝚙 𝚜𝚘𝚗𝚐 𝚙𝚕𝚊𝚢𝚕𝚒𝚜𝚝, 언노움 ᴜɴᴋɴᴏᴡᴍ ,뉴스
긍정적인 하루를 위한 산뜻한 아침 음악, BeiGe Mellow 베이지멜로우 ,뉴스
기도가 잘 되는 새벽기도 음악 -오르간 반주 3시간- 영성있는 새벽기도 경음악 묵상기도 음악 수면음악 prayer backgroundMusic 김선생TV, 김선생TV ,뉴스
내 마음을 녹이는 뉴에이지 연주곡🌲하루10분 만병을 치료 해주는 힐링 명상 기치료 음악 및 영상 - 아침명상음악 - 아침음악 - 힐링음악 - 명상음악 - 스트레스해소음악, Beautiful Relaxing Piano ,뉴스
[200만뷰] 우리 아이 🧑‍🎓 두뇌발달에 좋은 모차르트 음악들 ｜두뇌발달｜감성발달｜어린이집｜신나는 클래식｜아기 감성지수 높이기｜아이 클래식, 유니키즈 ,뉴스
"3시간 잔잔한 수면음악 + 풀벌레소리 🎵 스트레스 해소음악, 잠잘때 듣는 음악, 불면증치료음악, 수면유도음악 (My Dream)", 힐링트리뮤직 Healing Tree Music & Sounds ,뉴스
"🚖 뉴욕 거리 안가봤으면 이 음악 PICK❗️l 차분한 감성의 뉴욕재즈💓 l 카페재즈,매장음악 l Relaxing Jazz Piano Music", MONKEY BGM ,뉴스
마음이 차분해지는 힐링음악🌲하루10분 만병을 치료 해주는 힐링 명상 기치료 음악 및 영상 - 아침음악 - 힐링음악 - 명상음악 - 스트레스해소음악, Beautiful Relaxing Piano ,뉴스
𝐏𝐥𝐚𝐲𝐥𝐢𝐬𝐭 아침에 듣기좋은 달달한 힐링 노래 모음... | 음악 마니아를 위한 플레이리스트, 항상 기분 | mood ,뉴스
[Playlist] 우리 나중에 파리 여행 가면 에펠탑 보면서 같이 듣자, 리플레이LEEPLAY ,뉴스
"기분 좋아지는 밝은 음악 모음 💖 스트레스 해소음악, 산뜻한 피아노 연주곡, 기분전환, 경쾌한 감성 피아노곡, 잠깨는 공부음악,독서,휴식,릴렉스 ♬ 기분좋은 힐링음악 10시간", 나단뮤직 음악듣기 - NadanMusic Label ,뉴스
듣는순간 전투력 200% 상승 플리🔥 운동할때 듣는 음악 │ GYM 𝐏𝐥𝐚𝐲𝐥𝐢𝐬𝐭, 그누크 ,뉴스
"밝은 아침을 위한 힐링음악 3시간 🎵 아침명상음악, 요가음악, 명상음악, 스트레스해소음악 (Lyla)", 힐링트리뮤직 Healing Tree Music & Sounds ,뉴스
세상의 모든음악-2024.01.19(금), KBS Classic FM ,뉴스
기도음악1 (수정본), 천국가이드-최근상목사 ,뉴스
[Playlist] 퇴근 후 나만의 시간 | 잔잔하게 틀어두기 좋은 재즈 BGM | piano jazz instrumental, essential; ,뉴스
"10시간 따듯한 수면음악 + 풀벌레소리 🎵 마음이 편안해지는 음악, 불면증치료음악, 잠잘오는음악, 수면유도음악 (Nostalgia)", 힐링트리뮤직 Healing Tree Music & Sounds ,뉴스
"상쾌한 아침을 여는 힐링음악 3시간 🎵 아침명상음악, 스트레스해소음악, 명상음악", 힐링트리뮤직 Healing Tree Music & Sounds ,뉴스
"잔잔한 감성 피아노 음악모음 / 잔잔한 피아노 연주곡 / Relaxing Piano Music for Study, Sleep", BassClef 낮은음자리 ,뉴스
𝐏𝐥𝐚𝐲𝐥𝐢𝐬𝐭 드라이브 플리 시리즈 총모음 | 이거 틀면 운전하다 옆차선에서 제목 알려 달라한다 Driving music playlist, 때껄룩ᴛᴀᴋᴇ ᴀ ʟᴏᴏᴋ ,뉴스
"나를 편안하게 만드는 잔잔한 수면음악 🌙 빗소리 힐링음악, 잠잘때듣는음악, 불면증음악 (Stardust)", 힐링트리뮤직 Healing Tree Music & Sounds ,뉴스
[광고없음][NO ADS] 한국사람들이 좋아하는 세미 클래식 음악모음 | 부드러운 아침을 위한 명곡 클래식 음악 모음 | 힐링 첼로&바이올린  🎹🎻🎶, Relaxing Music Korean ,뉴스
기도가 잘 되는 새벽기도 음악 응답 받는 새벽기도 배경음악 새벽기도 경음악 묵상기도 음악 마음이 편해지는 음악 명상음악 힐링음악 수면음악 prayer backgroundMusic, 김선생TV ,뉴스
"가슴시린 발라드 가요10선 2022 ​♪첫소절만 들어도 눈물샘 폭발하는 슬픈 노래모음 ♪들으면 눈물나는 발라드 명곡추 💕 모든 날, 모든 순간... 거미、크러쉬、찬열、펀치、로꼬、첸", 겨울 플레이리스트 2022 ,뉴스
"강성태가 공부할 때 듣는 음악ㅣ피아노 연주곡 ASMR  📚 STUDY MUSIC for Improving Concentration, Focus, Memory", 공부의신 강성태 ,뉴스
자장가 브람스 아기수면음악 ♫ 자장가 오르골 어린이동요 ♫ 수면음악 연속듣기 ♫ 아기자장가노래 ♫ 유아자장가 신생아 음악 | 7시간 잔잔한 수면음악, Beautiful Relaxation Music ,뉴스
"행복한 꿈을 꾸는 밤, 아름다운 수면음악 🎵 듣자마자 마음이 차분해지고, 잠이 쏟아지는 음악, 아름다운 피아노음악", 수딩 멜러디 ,뉴스
베스트 락발라드 모음, 럭셔리개구리 ,뉴스
[Playlist] 정처 없이 걷다가 들어간 헌책방에서 흘러나오는 재즈 l Jazz at the bookstore, 재즈 리스트 l Jazz List ,뉴스
영혼의 울림 - 힘이 되는 노래 [한국어 자막/가사/해석]  듣자마자 힐링되는 노래 4곡 | Movie OST & Beautiful song Lyrics, 쿨뮤직Cool Music ,뉴스
추억의 음악다방 신청곡-가요(1), 음악다방 하얀목마 ,뉴스
[Playlist] 아프로 폼 미쳤다 | 중독성 강한 아프로비트 플레이리스트 | afrobeat vibes, essential; ,뉴스
내가 너무 좋아하는 인디음악 playlist, 외로움을 즐겨 ,뉴스
"🍷고급스러운 분위기에 어울리는 재즈음악 l 호텔 라운지 재즈 , 카페재즈, 매장음악 l Relaxing Jazz Piano Music", MONKEY BGM ,뉴스
[광고 없음] 수면 음악 연속 듣기 ▶ 아기 수면 음악 ♫ 자장가 클래식 ♫ 모차르트 바이올린 클래식 연속 듣기 │ 사랑 스러운 작은 수면 유도 유도 오르골 │ 자장가, Beautiful Relaxation Music ,뉴스
[playlist] 한국 🇰🇷 최고의 락발라드 명곡 베스트 20 🎶, 디스코바지 ,뉴스
아가에게 들려주기 좋은 느린 수면음악 [7시간] 🌜 안정적인 성장을 위한 시간, 케어멜로디 caremelody ,뉴스
"[playlist] 파리의 아침, 한적한 거리를 걸으며", 네고막을책임져도될까 ,뉴스
"[Playlist] 봄볕이 드는 창가에 앉아 🕊 | 나른한 주말, 커피 한 잔과 함께하는 휴식 | cozy pop with coffee 🕊", essential; ,뉴스
"10시간 잔잔한 수면음악 🎵 스트레스 해소음악, 잠잘때 듣는 음악, 불면증치료음악, 수면유도음악 My Dream", 힐링주파수 ,뉴스
"[Playlist] 발레하는 분들 여기에요 🙆‍♀️ 발레 음악 연속 듣기 | 정아름 발레클래스 |  RELEVE, Ae-ip", RIAK OFFICIAL ,뉴스
"마음이 편안해지는 시간☁침실에서 듣는 수면음악,잠잘때 듣는 음악,불면증 치료 음악", 뮤직 메이트 Music Mate ,뉴스
내 주의 보혈은 (1시간 52분 기도 음악 ) 새벽기도/ 묵상기도  / 철야기도 / 부르짖는 기도로 하나님께 영적인 만남을 위한 기도음악, 천국의비파TV ,뉴스
✔스타벅스 매장음악 🎹 실시간 음악 매장음악 광고없는🌻  週末の朝カフェBGM ☕ STARBUCKS Soothing Jazz for work and study, 스타벅스 매장음악 2022 ,뉴스
[Playlist] 삶이 팍팍하게만 느껴질때 당신을 포근하게 안아줄 따스한 감성팝🧣, 원플리 Oneplaylist ,뉴스
[playlist] 그루비한 음악이 흘러나오는 커피바에서, 포노미터 ,뉴스
"📚독서할 때 듣기 좋은 음악🎵 (중간 광고 없음, 피아노 연주, ASMR 1시간)", 스터디언 ,뉴스
[KPOP Playlist] 요즘 듣는 신나는 케이팝 노동요 ➃, 김로라 ,뉴스
"new 1시간 집중력 높이는 음악,공부할 때 듣는 음악, 차분해지고 공부할때 듣는 노래, 집중력 높이는 소리", Mind Patting마음토닥 ,뉴스
🎧직장인갬성테잎ㅣ90년대생동년배들의가을노래K-POP20곡ㅣ#가을노래#발라드#옛날노래#싸이월드#싸이월드BGM#발라드명곡#발라드맛집#가을에듣는노래#인기가요, 직장인지유 ,뉴스
"지친 마음을 달래주는 음악 🎵 1시간 힐링음악, 스트레스해소음악, 마음이 편안해지는 음악, 위로음악", 힐링트리뮤직 Healing Tree Music & Sounds ,뉴스
"𝗣𝗹𝗮𝘆𝗹𝗶𝘀𝘁 | 오늘 매장음악, 이 플리 하나면 해결", 재즈오빠 Jazzoppa ,뉴스
기도음악1 / 새벽기도 / 개인기도, 천국가이드-최근상목사 ,뉴스
[기도음악] 은혜로운 기도찬양 모음곡 Best!, 찬양의소리-Voices Of Praise ,뉴스
듣자마자 기절할수 있어요- 수면유도음악-5분후 화면 꺼짐-잠 잘때 듣기 좋은 음악🌙, Healing & Silent   ,뉴스
"""휴식이 필요한 당신에게"" 감성 힐링음악 - Take a break", Music Drawing ,뉴스
기분이 편안해지는 귀여운 음악 모음 (1시간), 오늘의 일기 Oneul ,뉴스
🐱툥냥이 지나가요🐱 #SHALALA_KittyChallenge With #음악중심 쩡아리 #Shorts, NCT ,뉴스
"🎹 모던한 카페에서 나오는 고급스러운 재즈 음악 l 호텔 라운지 재즈 , 카페재즈, 매장음악 l Relaxing Jazz Piano Music", Jazzy Relax BMG ,뉴스
𝐏𝐥𝐚𝐲𝐥𝐢𝐬𝐭 언제 들어도 좋지만 겨울에 들으면 더 좋은 팝송들, mycozypop ,뉴스
"☂☂언제나 나를 위로해 준 음악들 2-1/섬세한 연주, 잊을 수 없는 명곡들 11/ These music that comforted me / fine relaxtion /좋은 휴식", purifymusic ,뉴스
잔잔하게 듣기 좋은 요가음악 •° 고요한 평화 에너지와 함께하세요, 템포레스트 Tempo:rest ,뉴스
"2시간 통성기도음악; 보혈찬양 연속듣기 내 주의 보혈은 외 25곡, 보혈찬송 무료듣기, 찬송가경음악, 금요철야기도음악, 복음성가경음악, 보혈 관련 찬양 무료듣기, 보혈찬송가", 어린양금희Lamb_GUMI ,뉴스
"9시간 수면을 위한 티벳 싱잉볼 연주 (222Hz) 🎵 명상음악, 차크라, 힐링음악, 수면유도, 싱잉볼 (My Mind)", 힐링트리뮤직 Healing Tree Music & Sounds ,뉴스
🎧이수현 Playlist🎧 '심신 안정 보이스' 이수현 노래 모음 ｜ 비긴어게인 모아듣기, Beginagain 비긴어게인 ,뉴스
[Playlist] 출근길에 들어주면 좋겠소 l 노동요 플레이리스트 노래모음 🫠, 눈에띠네 ,뉴스
기도가 잘 되는 새벽기도 음악  -복음성가 오르간 반주 3시간- 영성있는 새벽기도 경음악 묵상기도 음악 수면음악 prayer backgroundMusic 자막기능 있음 김선생TV, 김선생TV ,뉴스
"CLASSICAL MUSIC [쇼팽, 리스트, 드뷔시, 베토벤, 모차르트] 힐링클래식 | 귀에 익은 피아노 명곡 | 첫곡부터 가슴 적시는 동화감성 명곡 클래식 피아노 모음", Relaxing Music Korean ,뉴스
"""고단한 하루를 보낸 너에게.."" 마음을 위로하는 수면음악", Music Drawing ,뉴스
이명치료에 효과적인 음악. Effective music for tinnitus treatment, 이명TV ,뉴스
추억의 음악다방 신청곡-가요(2), 음악다방 하얀목마 ,뉴스
𝐏𝐥𝐚𝐲𝐥𝐢𝐬𝐭 널 만나러 가는 길이야 | 썸 탈 때 들으면 더 설레는 노래 💗, 때껄룩ᴛᴀᴋᴇ ᴀ ʟᴏᴏᴋ ,뉴스
가을에 꼭 들어야 할 노래만 모은 🍂유스케 플레이리스트🍁유희열의  스케치북 | #유플리 | KBS 방송, KBS StarTV: 인물사전 ,뉴스
🌙듣자마자 스르르 숙면 할수있는 수면유도음악 -5분후 화면 꺼짐 -잠 잘때 듣기 좋은 음악, Healing & Silent   ,뉴스
"[Playlist] 그 시절, 종로의 낙원에서 흐르던 음악이ㅣ80년대 - 00년대 리메이크곡 모음ㅣ이문세, 유재하, 김광석, 아이유, 이수현, 10cm ㅣ낙원상가 플레이리스트", 뮤현빈 mu_hyunbin_ ,뉴스
🎧운동할 맛 나는 감각적인 선곡! 🔥깔끔한 운동음악 맛집! (광고없는 헬스음악), 소미핏 SOMIFIT ,뉴스
"몸의 긴장을 풀어주는 힐링음악 + 물소리 🎵 마사지음악, 스파음악, 휴식음악, 수면유도음악", 힐링트리뮤직 Healing Tree Music & Sounds ,뉴스
[Playlist] 출근길 & 노동요 노래 찾는거 다 안다 l 노래모음 플레이리스트 광고없음 🫡, 눈에띠네 ,뉴스
"[10시간]  클래식 자장가 피아노 모음 - 중간광고 x, 숙면음악, 수면음악, 풀벌레 소리", Piano Latte ,뉴스
[BGM] 병원에서 흘러 나오던 그 음악 | 심신안정을 위한 힐링 PLAYLIST, STOMP MUSIC ,뉴스
"[3시간] 뉴에이지 피아노 힐링 음악 모음│공부, 작업, 휴식, 게임│Duggy Music 모음", DUGGY MUSIC ,뉴스
"평온하게 잠드는 수면음악🌝, 좋은 꿈 꾸는 음악, 편안한 음악 'always'", 힐링앤뮤직 Healing and Music ,뉴스
"브람스 피아노 자장가 3시간│힐링음악, 자기전에 듣기좋은 피아노, 수면음악, 숙면음악", Piano Latte ,뉴스
50분 불태워드립니다 🔥 운동할때 듣는 음악 │ GYM 𝐏𝐥𝐚𝐲𝐥𝐢𝐬𝐭, 그누크 ,뉴스
🌜 최대한 빨리 재워주는 수면유도음악  | 잠잘때 듣는 음악, 디노사운드 Dino.S ,뉴스
"[playlist] 봄비를 기다렸던 고궁 박물관 직원, 가사 없는 음악", by the way ,뉴스
[침묵기도] 새벽기도 배경음악 (추천) - 중간광고X, 찬양의소리-Voices Of Praise ,뉴스
"[playlist] 내추럴 와인, 음악 그리고 시시콜콜한 이야기", 리플레이LEEPLAY ,뉴스
2시간 클래식 음악 | 클래식기타 연주곡모음 | 가장 아름다운 기타연주곡들만 모음 | 잠잘때 듣는 음악 | 기타연주곡들만 모음 | 기타 연주곡 | 기타연주곡모음 | 카페 음악, Guitar Classic ,뉴스
"[한국어 번역, 발음] 나는 그래서 음악을 그만두었다 - 요루시카", 화이트데브 ,뉴스
[Playlist] 뉴욕 드라이브 운전 하면서 듣는 음악, 반고흐가 되고싶어 Playlist ,뉴스
"10시간 꿈나라로 여행하는 수면유도음악  🎵 스트레스해소음악, 마음이 편안해지는 음악, 힐링음악 (Dream World)", 힐링트리뮤직 Healing Tree Music & Sounds ,뉴스
집중력 업! 기분좋은 활동 음악 🛥️ 즐거운 선율과 함께, 케어멜로디 caremelody ,뉴스
모던한 카페에서 나오는 고급스러운 피아노 음악 l GRASS COTTON+, GRASS COTTON 그래스코튼 ,뉴스
아련한 동양풍 음악 모음♬ (눈물나고 가슴찢어지게 슬픈 음악 모음), Tido Kang ,뉴스
하루 종일 듣기 좋은 노래 🎵💖일할때 듣기좋은 발라드 추천 광고없는 노래모음🎶 김범수/ 임창정/ 박효신/성시경/ 백지영/ 더원/태연/박명수/에일리/찬열/ 펀치/ 다비치/로꼬/ 펀치, 주황색 ORANGE MUSIC ,뉴스
"마음의 휴식이 필요해_널 위한 힐링음악 🎵 10시간 고요한 수면음악, 잠잘오는 음악, 스트레스 해소음악, 자장가", Relax Gently ,뉴스
강아지가 좋아하는 음악💖🎵강아지 수면을 위한 음악 20시간🐶💖강아지 분리불안 해소 음악🎵💖집에 혼자 남은  반려견의 스트레스 해소음악🐶💖출근할때 외출할때 틀어주세요 by 힐링메이트, HealingMate - Dog Music ,뉴스
"[playlist] 오늘 문득 꿈에 너가 나타났어 | 새벽 인디 음악 모음 INFP (ft. 검정치마, 잔나비, 카더가든, 혁오...)", 성운 ᴘʟᴀʏʟɪꜱᴛ ,뉴스
Disney Piano 디즈니 피아노 모음 [공부할 때 듣는 음악], Flow Music ,뉴스
[24시간] 깊은 기도로 인도하는 음악 🙏 멈추지 않는 기도의 공간 | 𝐃𝐞𝐞𝐩 𝐏𝐫𝐚𝐲 𝐌𝐮𝐬𝐢𝐜, Christian BGM 크리스찬 BGM ,뉴스
"10시간 포근한 수면음악 🌙 마음이 편안해지는 음악, 불면증치료음악, 잠오는음악, 수면유도음악 (Purple Sky)", 힐링트리뮤직 Healing Tree Music & Sounds ,뉴스
[ 𝑷𝒍𝒂𝒚𝒍𝒊𝒔𝒕 ]  코딩할때 듣기 좋은 노래 • lofi type beat • 3 hours, yanu_ ,뉴스
"10시간 포근한 수면음악 🎵 마음이 편안해지는 음악, 불면증치료음악, 잠잘오는음악, 수면유도음악 (Lavender)", 힐링트리뮤직 Healing Tree Music & Sounds ,뉴스
"[Playlist] 위안의 음악을 듣는 시간, 류이치 사카모토", 책바 Chaegbar ,뉴스
🎶  듣기좋은 경음악/연주음악 컬렉션, LOVE K ,뉴스
추억의 음악다방 신청곡_팝송(3), 음악다방 하얀목마 ,뉴스
"생각을 비우고 잠드는 시간☁편안한 밤을 위한 수면음악,불면증 치료 음악,잠잘때 듣는 음악", 뮤직 메이트 Music Mate ,뉴스
치유 명상음악 연속듣기 | 마음이 편안해지는 음악 | 스트레스 해소 음악 | 이완 효과가 있는 음악 | 잠잘때 듣는 음악 휴식을 위한 명상음악연속듣기, Beautiful Relaxing Piano ,뉴스
"아름다운 피아노 음악 모음 🎵 3시간 수면음악, 힐링음악, 스트레스 해소 음악, 슬픈 음악, 명상음악 연속듣기", 힐링트리뮤직 Healing Tree Music & Sounds ,뉴스
[Playlist] 내가 사랑한 나카무라 유리코의 음악, my blue valentine ,뉴스
"[Playlist] 세련된 카페 안, 나 그리고 커피 & 음악 ☕🍮ㅣCoffee & Music", essential; ,뉴스
[Playlist] 류이치 사카모토가 단골 레스토랑을 위해 선곡한 현대음악 & 재즈 전곡 | Jazz 노래모음 카페 공부 독서 재택 코딩, Jazz Melody ,뉴스
10분안에 마취시켜주는 수면유도음악 | 잠잘때 듣는 음악, 디노사운드 Dino.S ,뉴스
🌙듣자마자 깊은 숙면 도와드려요 수면유도음악 -5분후 화면 꺼짐 -잠 잘때 듣기 좋은 음악, Healing & Silent   ,뉴스
돌아가고 싶은 그때 그 시절 2013~2016년도에 들었던 감성 힙합 & 알앤비 노래 모음ㅣPLAYLISTㅣ플레이리스트 광고없음, 레몬쓰 ,뉴스
"🌉 맨해튼 안가봤으면 이 음악 PICK❗️l Manhattan Jazz 💖 l 카페재즈,매장음악 l Relaxing Jazz Piano Music", MONKEY BGM ,뉴스
🍁 스타벅스 매장음악 🥤 실시간 음악 매장음악 광고없는 ☕ 週末の朝カフェBGM ☕ STARBUCKS Soothing Jazz for work and study., 스타벅스 매장음악 2022 ,뉴스
[Playlist] 일하면서 조용히 틀어놓기 좋은 노래모음 플레이리스트 l 광고없는 음악모음 2시간30분, 눈에띠네 ,뉴스
잠잘때 듣는 음악 클래식 명곡 베토벤 곡 모음 잠잘오는음악 잠잘때듣기좋은 잔잔한 수면 유도 Classical Music for Sleeping - Best of Beethoven, GetSomeRest ,뉴스
가슴시린 발라드 가요10선 2021 🎶 더원 -사랑아，양파-알아요，이승철 - 그런 사람 또 없습니다，엠씨 더 맥스 - 행복하지 말아요，김지연 - 찬바람이 불면，가슴만 알죠, Kpop Music - POP Ballad - 발라드 모음 ,뉴스
월요일을 버틴 당신에게 | Playlist  | Jazz Piano 카페 음악, Loo Piano 루 피아노 ,뉴스
윤하노래모음 80분 연속듣기, 음악공장장 ,뉴스
"조금 쉬어도 돼 🎵 불안한 마음을 위한 힐링음악,스트레스해소음악,명상음악,이완음악,스파음악,수면음악", Dreamy BGM ,뉴스
강아지가 좋아하는 음악🐶11시간 강아지 수면 휴식음악🎵혼자있는 강아지를 위한 분리불안 해소와 스트레스 해소음악, My Pet Music ,뉴스
김소연힐링음악여행 1월22일 월요일 라이브 시작합니다~!, 김소연힐링음악여행 ,뉴스
NMIXX (엔믹스) - DASH | Show! MusicCore | MBC240120방송, MBCkpop ,뉴스
"""오늘도 굿밤!"" 행복한 꿈을 꾸는 수면음악", Music Drawing ,뉴스
🔥요즘 가장 핫한 인기 팝송 모음 100곡 모두 해석해버리기 PLAYLIST, H녀 ,뉴스
아침을 부드럽게 깨우는 행복음악 ☀️ 미소와 함께 시작하는 하루, 케어멜로디 caremelody ,뉴스
왕실 서열 2위가 공부할 때 듣는👑 가사 없는 클래식 음악🎻, 모트모트TV ,뉴스
"10시간 편안한 수면음악 🎵 스트레스 해소음악, 자장가 피아노, 불면증치료음악 , 수면유도음악 (Calming Night)", 힐링트리뮤직 Healing Tree Music & Sounds ,뉴스
공부할때 듣는 음악 모음💕 조선시대에서 공부하기, Tido Kang ,뉴스
행복해지는 엘리멘탈 OST🔥💦: Lauv - Steal The Show [가사/해석/lyrics], 때잉 ,뉴스
공부할 때 듣기 좋은 잔잔한 피아노곡 모음 / Plum 음악 모음 (중간광고 X), Plum - Melodic Artist ,뉴스
[Playlist] 차가워진 밤공기에 어울리는 Deep Groove🌒ㅣDeep & groovy vibes on a cold night🌒, essential; ,뉴스
[1시간] 보혈 찬송가 피아노 연주 | 기도음악 | 묵상•휴식, 에셀나무 Ebenezer 21 ,뉴스
🌸아련한추억의 그리운노래 7     🌸💖김명희님 희망음악, Dj 김봉수 ,뉴스
90년대 2000년대 무손실 고음질 락발라드 ♫ 락 발라드 명곡 ♫ 무손실 고음질 락발라드 명곡 노래모음, 명곡발라드 ,뉴스
"𝐏𝐥𝐚𝐲𝐥𝐢𝐬𝐭 "" 사장님 지금 나오는 노래 뭐에요?"" / (52곡)팝송 /카페,매장음악 / 멀티샵 / 파티음악 / 잔잔한팝송", 𝐓𝐮𝐫𝐧𝐢𝐧𝐠𝐏𝐨𝐢𝐧𝐭 𝐌𝐮𝐬𝐢𝐜 ,뉴스
"편안한 밤을 위한 고요한 피아노 + 풀벌레소리 🎵 힐링음악, 수면유도, 마음이 편안해지는 음악, 스트레스해소음악", 힐링트리뮤직 Healing Tree Music & Sounds ,뉴스
"캐논 피아노 자장가 10시간 연속재생(중간광고X) 수면음악, 숙면음악, 자기 전 듣기좋은 음악", Piano Latte ,뉴스
어린이의 즐거운 마음을 위한 긍정음악 ☀️ 귀엽고 발랄한 멜로디, 케어멜로디 caremelody ,뉴스
첫 곡부터 설레는 역대급 뉴에이지 음악 모음, 하이멜로디 High Melody  ,뉴스
역대 한국 히트 라틴 음악('Feat' 미친 조회수) Best 20 hit Latin music ever in Korea(Huge hits)Part1  [Latin kimu], Latin Kimu ,뉴스
"숲속에서 듣는 힐링음악☁편안한 휴식음악,스트레스 해소음악,명상음악 - ""In The Woods""", 뮤직 메이트 Music Mate ,뉴스
하루 종일 듣기 좋은 노래 🎶일할때 듣기좋은 발라드 추천 광고없는 노래모음🎵💖 김범수/ 임창정/ 박효신/성시경/ 백지영/ 더원/태연/박명수/에일리/찬열/ 펀치/ 다비치/로꼬/ 펀치, 발라드 명곡 ,뉴스
"🌳숲속에 온 듯, 마음이 편해지는 뉴에이지 음악 테라피", BeiGe Mellow 베이지멜로우 ,뉴스
"𝐏𝐥𝐚𝐲𝐥𝐢𝐬𝐭 2023년 8월 28일 실시간 인기차트 🎵🍊 KPOP 발라드, 팝송, 힙합, 아이돌 그룹 | 노래모음 최신가요, 광고없는 멜론차트 플레이리스트 | PLAYLIST", 1H Kpop ,뉴스
숲으로 떠나는 피크닉🌿 기분이 좋아지는 싱그러운 피아노 음악, BeiGe Mellow 베이지멜로우 ,뉴스
[Playlist] 피곤한 아침 눈이 번쩍 떠지는 팝 | 신나는 2010년대 팝송 모음 | 2010s chill morning songs, essential; ,뉴스
운동할때 듣는음악 신나는노래(2040댄스곡모음) ♫ 신나는 댄스곡모음 - 추억의 그시절 90-2000년대 나이트 댄스곡모음, 모음댄스곡2 ,뉴스
"🌞[편안한 음악 10곡(2편)]지친, 매일 들어도 힐링과 힘이되는 위로 음악 | 클래식 명곡 피아노 | 공부할 때 태교 자장가 잔잔한 조용한 아름다운 평화로운 수면 스트레스 쇼팽", 일미터클래식 1mClassic ,뉴스
"하루의 끝, 편안한 침실에서 듣는 수면음악☁잠잘때 듣는 음악,불면증 치료 음악,수면유도음악", 뮤직 메이트 Music Mate ,뉴스
"""지친 하루를 보낸 너에게.."" 마음을 위로하는 수면음악", Music Drawing ,뉴스
"90 2000년대 발라드 명곡 노래모음 🌨️ 90~2000년대 들었던 감동의 발라드 음악 40곡 연속듣기, 감성 자극하는 아주좋은 노래 🌨️ SAY정현, 노사연, 홍연수", Music Playlist ,뉴스
"(playlist) 꿈을 쫓는 몽상가들, 가사없는 음악", All was well ,뉴스
"오늘도 좋은 꿈 꿔 ☁ 절대 끝까지 못 듣는 수면유도음악, 지친 마음을 달래주는 음악, 로맨틱한 수면음악, 불면증퇴치", 수딩 멜러디 ,뉴스
"임영웅 노래 모음, 소울뮤직TV", 소울뮤직TV ,뉴스
"수면유도음악🌜| 이리 와, 5분 안에 재워줄게", 디노사운드 Dino.S ,뉴스
"2010년대 아이돌 댄스곡 모음, 2010년대에 히트했던 아이돌 가수의 신나는 댄스음악 40곡 연속듣기, 기분좋을때 들으면 더욱 신나는 음악, 보고듣는 소울뮤직TV", 소울뮤직TV ,뉴스
"""오늘은 푹 자요!"" 행복한 꿈을 꾸는 수면음악", Music Drawing ,뉴스
"불후의 명곡 전설을 노래하다 2탄, 불후의 명곡 역대 우승자 노래모음 40곡, 보고듣는 소울뮤직TV  (Watching and Listening Soul Music TV)", 소울뮤직TV ,뉴스
"몸과 마음이 따듯해지는 치유음악 🎵 수면유도음악, 물소리, 편안한 음악, 명상음악 (Lotus)", 힐링트리뮤직 Healing Tree Music & Sounds ,뉴스
"마음이 편안해지는 힐링음악☁숲 속 휴식음악,모닥불 소리,스트레스 해소음악,명상음악 - ""With Coffee""", 뮤직 메이트 Music Mate ,뉴스
"겨울 에 듣고 싶은 발라드 명곡 - 겨울 당신의 마음을 따뜻하게 해줄 한국 발라드 100곡 - 사랑하는사람과 듣고싶은 음악들, 첫 눈", 1980 발라드 ,뉴스
"[ᴘʟᴀʏʟɪsᴛ] 딱 요즘 듣기좋은 사랑하는 인디 음악 | 최유리, 허회경, 예빛, 데이먼스 이어, 오존, 짙은", 민플리ᴘʟᴀʏʟɪsᴛ ,뉴스
"🎧  진짜 괜찮은 헬스음악, 운동 효과보장! (버릴곡 없음, 광고x)", 소미핏 SOMIFIT ,뉴스
클래식 명곡 베스트 17곡, 체칠리아음악 채널 ,뉴스
"[그시절] 나의 오래된 MP3 속, 2000년대 발라드 노래모음 | 𝗣𝗟𝗔𝗬𝗟𝗜𝗦𝗧 | 2000년대 노래모음", 나의플레이리스트 ɴᴀᴘʟʏ ,뉴스
"[10시간] 브람스 피아노 자장가 연속재생 │수면음악, 숙면음악, 잔잔한 피아노 음악", Piano Latte ,뉴스
[Playlist] 기분 좋은 산책이 땡길 때!ㅣ선선한 나들이 팝 플레이리스트ㅣBest Popular Songs Of 2020, essential; ,뉴스
듣기좋은 노래모음/ 운동을 자극하는 2시간의 음악(광고X) 운동동기부여, 운동 음악[Workout Music] ,뉴스
"✏️공부할 때 듣는 음악😘 일, 공부, 집중에 도움을 주는 재즈피아노 음악💖 l 카페음악, 매장음악 l 𝙅𝙖𝙯𝙯 𝙈𝙪𝙨𝙞𝙘 𝙛𝙤𝙧 𝙎𝙩𝙪𝙙𝙮, 𝙒𝙤𝙧𝙠, 𝙁𝙤𝙘𝙪𝙨", MONKEY BGM ,뉴스
"""힘든 하루를 보낸 너에게.."" 마음을 위로하는 수면음악", Music Drawing ,뉴스
김현식 - 비처럼 음악처럼 (1986年), pops8090 ,뉴스
"1시간 잔잔한 수면음악 + 풀벌레소리 🎵 스트레스 해소음악, 잠잘때 듣는 음악, 불면증치료음악, 수면유도음악 (My Dream)", 힐링트리뮤직 Healing Tree Music & Sounds ,뉴스
강아지가 좋아하는 음악💖🎵강아지 수면 음악 20시간🐶💖강아지 분리불안 해소 힐링 음악🎵💖집에 혼자있는 반려견의 스트레스 해소음악🐶💖출근할때 외출할때 틀어주세요 by 힐링메이트, HealingMate - Dog Music ,뉴스
[Playlist] 노동요 찾으시나요? 매장음악 트실려구요? l 광고없는 노래모음 플레이리스트 감성음악 인디음악 알앤비 첫 곡 듣고 극락갈걸~_~, 눈에띠네 ,뉴스
2020년 영화음악 베스트 100 (1/4) 한국인이 가장 좋아하는 영화음악 OST, 영화벨 Movie Bell ,뉴스
80's Night Club Music Remix / 80년대 나이트클럽음악 / NONSTOP REMIX, MECLOTTS 메클롯츠 ,뉴스
지브리 OST 🌹 지브리 오르골 모음 🎹 기분 좋은 지브리 음악, Peaceful Melody ,뉴스
[Playlist] 내가 10번이상 들었던 레알 띵곡만 모아봄💛 노래모음 플레이리스트 l 아직은 광고없음 인디음악 알앤비, 눈에띠네 ,뉴스
5분 안에 잠을 자게하는 기적의 음악 | 힐링음악 | 명상음악 | 마음이 편안해지는 음악 | 치유음악 | 잠잘때 듣는 음악 | 잠잘오는음악 | 수면유도음악 | 수면음악, 수면유도음악 ,뉴스
"[복면가왕] '음악대장' 하현우의 무대 - Lazenca, Save Us, MBC 220424 방송", MBCentertainment ,뉴스
"☕ 여유로움을 주는 감미로운 보사노바 재즈 한가득 🎹/ 카페, 매장음악 / 공부, 커피, 휴식, 수면, 독서, 병원, 태교, 힐링 / Bossa nova Jazz / 중간광고없음", Melody Note 멜로디노트 ,뉴스
𝐏𝐥𝐚𝐲𝐥𝐢𝐬𝐭 부끄럼 많은 생애를 보냈습니다., 때껄룩ᴛᴀᴋᴇ ᴀ ʟᴏᴏᴋ ,뉴스
"몸과 마음이 편안해지는 힐링&수면음악 - 최고의 수면유도 음악, 스트레스 완화, 편안한 음악, 명상음악", Gentle Nightfall ,뉴스
"하루 종일 듣기 좋은 노래 🎶 일할때 듣기좋은 발라드 추천 광고없는 노래모음🎶  김범수 /임창정 /박효신/성시경/ 백지영/ 더원/태연/박명수/에일리/찬열, 펀치/다비치/로꼬, 펀치", 슬롯지은이 Shorts 하이라이트 ,뉴스
자장가 브람스 아기수면음악 ♫ 자장가 오르골 어린이 ♫ 수면음악 연속듣기 ♫ 아기자장가노래 ♫ 유아자장가 수면유도음악, Castle Brock ,뉴스
"""오늘도 달콤한 꿈 꾸세요"" 당신을 위한 수면음악", Music Drawing ,뉴스
"초록빛 가득한 날☁자연 속 힐링음악, 스트레스 해소음악, 명상음악", 뮤직 메이트 Music Mate ,뉴스
"마음의 안정을 위한 수면음악 | 불안함과 걱정, 스트레스 해소음악, 명상음악", 뮤직 메이트 Music Mate ,뉴스
"""오늘도 수고한 너에게"" 마음을 위로하는 수면음악", Music Drawing ,뉴스
뜨겁게 기도할 수 있는 통성기도음악 4, 황금종교회 Goldenbell worship ,뉴스
"마음의 안정을 위한 힐링음악☁편안해지는 음악,스트레스 해소음악,명상음악", 뮤직 메이트 Music Mate ,뉴스
"""당신이 있는 그곳에도 눈이 오나요?"" 포근한 수면음악", Music Drawing ,뉴스
[Playlist] 내가 사랑한 이루마의 음악, my blue valentine ,뉴스
"듣기만 해도 설레는 2010~2021년 발라드모음 우리가 사랑했던 추억노래 🎶 다비치, 양파, 이승기,왁스,김범수,소울스타,원티드,숙희,린,민경훈,문명진,루다,더씨야,윤건,디셈버", Kpop Music - POP Ballad - 발라드 모음 ,뉴스
"가을 속 감미로운 아침음악 3시간 🎵 힐링음악, 요가음악, 명상음악, 스트레스해소음악 (Autumn Life)", 힐링트리뮤직 Healing Tree Music & Sounds ,뉴스
[Playlist] 독보적 음색 | 그루브 알앤비팝 | Groove R&B Pop, about : ,뉴스
"90년대 중후반 발라드 명곡 2탄,  그때 그시절의 추억의 발라드 여행,  잔잔하면서도 슬픈 감동의 발라드와 리드미컬한 발라드의 조합, 보고듣는 소울뮤직TV", 소울뮤직TV ,뉴스
💖 지브리 OST / 지브리 월드 / 힐링 / 힐링 / 굿나잇 지브리 음악, Peaceful Melody ,뉴스
𝗣𝗹𝗮𝘆𝗹𝗶𝘀𝘁 공부할 때 듣는 히사이시조 음악💿 【지브리｜가사 없는】, 모트모트TV ,뉴스
🎶 2001년 인기가요 100곡 (7시간01분) | 가사(Korean Lyrics) | 타임라인 | 고음질 | 일할때, 야꼬널깨_Music ,뉴스
"책읽을때 편안하게 듣기 좋은 음악🎵 집중력높이는음악,공부할때 듣기좋은음악, 독서할때듣는음악,책읽을때듣는음악, 3시간 BY 힐링메이트", HealingMate - Dog Music ,뉴스
"𝐏𝐥𝐚𝐲𝐥𝐢𝐬𝐭 감상이란, 히사이시 조 노래 모음 | Hisaishi Joe 플레이리스트", keeemsun ,뉴스
[Playlist K-POP](가사 자막)90년대 발라드가요 모음, OPEN-힐링가요(K-POP) ,뉴스
☂ 언제나 나를 위로해 준 음악들 1/흔히 듣기 어려운 클래식 명곡 포함 11곡/ These music that comforted me /fine relaxtion /좋은 휴식, purifymusic ,뉴스
"당신을 위한 힐링음악☁편안한 시간을 위한 휴식음악, 스트레스 해소음악", 뮤직 메이트 Music Mate ,뉴스
머리가 맑아지는 숲 속 치유음악 🌲하루10분 만병을 치료 해주는 힐링 명상 기치료 음악 및 영상🌲아침명상음악 - 아침음악 - 힐링음악 - 명상음악 - 스트레스해소음 음악, Beautiful Relaxing Piano ,뉴스
🌙듣자마자 스르르 숙면 할수있는 수면유도음악 -5분후 화면 꺼짐 -잠 잘때 듣기 좋은 음악, Healing & Silent   ,뉴스
[Playlist] 핫플에는 힙한 음악이 있지ㅣ세상 힙한 편집숍에 흐르는 쿨 바이브ㅣit's lit! trendy store music 🧃, essential; ,뉴스
"추억의 디스코 팝송 HD 풀영상, Memories Of Disco Pop Song HD Full Video", 활짱 ,뉴스
"[러닝 Playlist] 노래 부심주의👊🏻유산소는 음악빨, 10km 달리기 핵가능 최애곡들", 인생이시트콤_고구마 VLOG ,뉴스
UNTOUCHABLE - ITZY [뮤직뱅크/Music Bank] | KBS 240119 방송, KBS Kpop ,뉴스
음악은 머리 속의 문제를 잊는 데 도움이 됩니다. | 3 hour lofi hip hop mix / lofi study / work, Lofi 코딩 ,뉴스
[10곡 이어듣기] 내가 사랑한 영화음악 3, Windbird's Music Scrap ,뉴스
[Playlist] 하루를 끝내고 따뜻한 욕조 속으로ㅣ따스하고 그루브한 멜로우 R&B 플레이리스트ㅣmellow music for a smooth bath time, essential; ,뉴스
[#뮤라스] 김희재 - ‘나는 나는 음악’ LIVE (4K) | MUSICAL LIVE STAGE in 모차르트!, EMK MUSICAL ,뉴스
[광고없음] 고양이가 좋아하는 음악 • 고양이 편안한 음악 • 힐링음악 • 수면음악 • 외출음악 • 분리불안 • 10시간 •  Relaxing Music for Cats, CAT MUSIC ,뉴스
[playlist] 자미로콰이의 음악이 흘러나오던 런던의 어느 골목에서, 리플레이LEEPLAY ,뉴스
🍃김란영 카페음악 (30곡) [02]🌷, 풍금소리 ,뉴스
음악퀴즈 | 전주듣고 노래맞히기 - 2010년대 [신서유기 뿅뿅지구오락실 출장십오야 놀라운토요일], TV에서 보던 그퀴즈 ,뉴스
따뜻한 벽난로와 함께 듣는 부드러운 피아노 음악 (A Cozy Fireplace 24 Radio), BeiGe Mellow 베이지멜로우 ,뉴스
"⛆ 당신을 위로하는, 빗소리와 잔잔한 피아노 ⛆ | [비ASMR] 수면 음악", one music for sleep ,뉴스
🔥지금 나와도 떡상할 팝송 명곡 50곡 모두 해석해버리기 | PLAYLIST, H녀 ,뉴스
티벳 대형 싱잉볼 연주(극저음) 🎵 싱잉볼 명상음악/싱잉볼 차크라/명상음악/물소리 싱잉볼 (My Mind), 힐링트리뮤직 Healing Tree Music & Sounds ,뉴스
"불안한 마음을 위한 힐링음악☁스트레스해소음악,명상음악,이완음악,스파음악,수면음악 -""Warm Candle""", 뮤직 메이트 Music Mate ,뉴스
"[playlist] 브루클린에서의 마지막 밤, SZA의 음악을 들으며", 리플레이LEEPLAY ,뉴스
"3시간 아름답고 편안한 켈틱음악 🎵 힐링음악, 스트레스해소음악, 아침명상음악, 요가음악(Home)", 힐링트리뮤직 Healing Tree Music & Sounds ,뉴스
🌙 잠잘때 듣기 좋은 음악 8시간 재생(30분후 화면꺼짐) | 코코- Remember Me | Relaxing sleep music | piano cover | 수면유도 | 불면증, YumTak Studio 윰탁스튜디오 ,뉴스
수면유도음악 | 잠잘때 듣는 음악 | 숙면 | 잠잘오는음악 | 수면음악 | 꿀잠 1시간, 쉼 그리고 치유 ,뉴스
20240125 음악이 있는공간 감성주점 리코 #목포감성주점 #랜선나이트 #신나는음악, REMIXKOREA ,뉴스
[윰탁스튜디오] 이누야샤 - 시대를 초월한 마음 | 잠잘때 듣기 좋은 음악 8시간 재생(30분후 화면꺼짐) | Relaxing sleep music | 수면음악 | 피아노 | 꿀잠, YumTak Studio 윰탁스튜디오 ,뉴스
"😴듣자마자 떡실신하는 수면유도음악 🎵 지친 마음을 달래주는 음악,잠잘때 듣는 음악,불면증 치료 음악,수면유도음악", 수딩 멜러디 ,뉴스
"🎧텐션 업, 집중도 상승되는 운동 음악! 🎶 쇠질 음악, 헬스 음악 (광고X)", 소미핏 SOMIFIT ,뉴스
"연속듣기 2000년대 인기 발라드 모음 2001~2010년, 가사포함", 발라드 - Kpop ,뉴스
강아지를 위한 수면음악 - 잠잘때 듣는 수면음악ㅣ스트레스 해소와 심리안정을 위한 음악, My Pet Music ,뉴스
"""당신과 함께라서 행복합니다"" - 로맨틱한 수면음악", Music Drawing ,뉴스
"(playlist) 너의 슬픔마저 사랑해, 가사 없는 음악", All was well ,뉴스
김동률 노래모음 : BEST 10곡 연속듣기, 음악여우 ,뉴스
[Playlist] 더운 여름에 틀어놓으면 그냥 기분이 좋아지는 노래모음 플레이리스트 안 좋아지면 환불해드림 ㅋ #7 | 노동요 & 매장음악 플레이리스트, 핑프 ,뉴스
[𝐏𝐋𝐀𝐘𝐋𝐈𝐒𝐓] 발레는 힘들지만 발레음악은 듣고싶어 🩰, TalkingValve 토킹밸브  ,뉴스
"𝐏𝐥𝐚𝐲𝐥𝐢𝐬𝐭 출근길, 우연히 들은 노래에 하루가 근사해져 버렸다", 파란하늘 Blue Sky ,뉴스
[Playlist] 영화는 몰라도 노래는 알았던 음악영화OST 띵곡 모음✨, 플레이리스트캔디 ,뉴스
"영화음악 베스트 차트 🌻🌻드라마 OST 역대 가장 인기 많았던 노래 베스트 100🌻들으면 눈물나는 발라드 명곡추천 ,김필,양파, 이승기,원티드,숙희,김범수,소울스타",  Deep Mood ,뉴스
"10시간 잔잔한 수면음악 ""엘리니아 나무던전 Missing You"" 메이플스토리ost", 스마일맨 ,뉴스
[Playlist] 독서의 계절 ☕ㅣ편안한 분위기의 힐링 재즈 연주ㅣrelaxing autumn jazz instrumental, essential; ,뉴스
"""눈 내리는 마을"" 동화 같은 수면음악ㅣ지친 마음에 위로와 평안을..", Music Drawing ,뉴스
"하루종일 들어도 좋은 편안한 태교음악모음, 10시간 연속재생, 태교음악으로 태아의 두뇌발달과 태동을 유도하는 태교에 좋은음악 by 힐링 메이트", HealingMate - Dog Music ,뉴스
DASH - NMIXX [뮤직뱅크/Music Bank] | KBS 240119 방송, KBS Kpop ,뉴스
🌟2022미친텐션 클럽음악!!🌟 DJ아스터 2시간 믹셋 | 𝘿𝙅 𝘼𝙎𝙏𝙀𝙍 𝘾𝙇𝙐𝘽 𝙈𝙄𝙓𝙎𝙀𝙏 2022, ASTER MUSIC ,뉴스
"머리가 정화되는 숲 속 치유음악 🎵 편안한 하프연주, 명상음악, 마음이 편안해지는 음악, 휴식음악 (Lake Mood)", 힐링트리뮤직 Healing Tree Music & Sounds ,뉴스
지브리 OST 🌹 지브리 오르골 모음 🎹 기분 좋은 지브리 음악, Peceaful Soothing ,뉴스
강아지가 좋아하는 음악💖🎵강아지 수면유도음악 20시간🐶💖강아지 분리불안감을 해소해주는 음악🎵💖반려견 휴식 안정 음악🐶💖출근할때 외출할때 틀어주세요 by 힐링메이트, HealingMate - Dog Music ,뉴스
"지친 하루 나를 위로하는 수면음악 😪 어찌되었건 피곤하면 열심히 산거야,힐링 음악,휴식음악,수면명상음악,잠안올때 듣는음악", 수딩 멜러디 ,뉴스
2020년 영화음악 베스트 100 (2/4) 한국인이 좋아하는 영화음악 OST, 영화벨 Movie Bell ,뉴스
5분만 들으면 바로 깊은 잠에 들어갑니다 | 잠들때 듣는 음악 | 잠오는 음악 | 수면 유도 음악 | 수면음악 | 잠잘 때 듣기 좋은 노래 힐링음악 명상음악, RELAXING - 편안해지는 음악 ,뉴스
"GMG [ Cinema Music OST 10piece / 영화음악 OST 10곡 - 첼로&피아노 ] 노팅힐,닥터지바고,티파니에서 아침을,여인의 향기,싱잉인더레인,시네마천국....", Grace Music Gallery ,뉴스
역대 최고의 편안한 피아노 클래식 사랑 노래 - 가장 유명한 클래식 음악 50곡, Beautiful Piano ,뉴스
"고양이가 좋아하는 음악 10시간 😽🎵 중간 광고 없는 고양이를 위한 자장가 , 고양이가 듣는 편안한 힐링음악", Sleepy Cats ,뉴스
"추운 하루, 따뜻한 피아노 음악을 들으며 ❄ Cold Winter Day", Soft Melody ,뉴스
"(playlist) 숲은 여름에 더 푸르다, 가사 없는 음악", All was well ,뉴스
[playlist] 실크소닉의 음악이 흘러나오던 어느 위스키 바에서, 리플레이LEEPLAY ,뉴스
[Playlist] 뉴욕 브루클린 카페에서 내가 듣는 음악, 반고흐가 되고싶어 Playlist ,뉴스
2023년 가장 핫한 인기팝송 100곡 모두 해석해버리기 | PLAYLIST, H녀 ,뉴스
가볍게 틀어두기 좋은 활동음악 🐟 재미있고 유연한 멜로디, 케어멜로디 caremelody ,뉴스
편안하게 독서할때  듣는 음악ㅣ집중력을 높이는 음악 ㅣ책읽을때 듣는음악 ㅣ공부할때 듣는 음악  by 힐링메이트, HealingMate - Dog Music ,뉴스
"[쇼! 음악중심] 스트레이 키즈 - 소리꾼 (Stray Kids - Thunderous), MBC 210828 방송", MBCkpop ,뉴스
"마음이 편안해지는 힐링음악☁스트레스 해소음악, 명상음악 - ""바람 부는날""", 뮤직 메이트 Music Mate ,뉴스
광고 없는 팝송 베스트 ❤️ 신나는 팝송 - 인기팝송 모음 - 최고의 외국 음악 2023, Love Songs ,뉴스
[1시간] 신나고 경쾌한 시원청량 뉴에이지 음악 힐링 음악 모음│Duggy Music 모음, DUGGY MUSIC ,뉴스
"분리불안음악,강아지힐링음악, 외출시 혼자있는 강아지를 위한 분리불안 해소,강아지 음악,강아지수면유도음악,출근이나 외출할때,강아지스트레스해소음악,고양이음악,애견음악", HealingMate - Dog Music ,뉴스
[Play List] 첫 소절 부터 아련해 지는 사극음악 명곡 모음 🎹🎻, LinLin Mom : 린린맘 ,뉴스
"(playlist) 히데유키 하시모토의 음악, Hideyuki Hashimoto", All was well ,뉴스
[𝑃𝑙𝑎𝑦𝐿𝑖𝑠𝑡] 2023년 운동 목표 적고 가기 - 운동할때 듣는 음악, 운동 음악[Workout Music] ,뉴스
영화음악모음/영화음악 듣기/엔니오 모리꼬네 영화음악/요요마, 뮤직 테라피 ,뉴스
음악대장(하현우) - Don't Cry, Give U ,뉴스
"(playlist) 우리는 가끔 로맨틱한 해프닝을 꿈꾼다, 가사 없는 음악", All was well ,뉴스
"""눈 내리는 밤에"" 당신의 밤을 위한 수면음악 - White Snow", Music Drawing ,뉴스
"[복면가왕] 6주년 축하 스페셜 무대! 음악대장 하현우의 ＜Lazenca, Save Us＞, MBC 210404 방송", MBCentertainment ,뉴스
영화 영웅본색 OST 영화음악 (장국영 -當年情 당년정) (1986)[HD], Channel OST ,뉴스
"언젠가 꼭 가야지, 퀘벡에서 듣는 재즈 | Jazz Piano | Playlist | 카페 음악 | 로비 음악", Loo Piano 루 피아노 ,뉴스
"[playlist] 한 여름의 헌책방 직원, 아주 조용한 음악", by the way ,뉴스
🌙듣자마자 스르르 잠들게 해드릴 수면유도음악 -5분후 화면 꺼짐 -잠 잘때 듣기 좋은 음악, Healing & Silent   ,뉴스
[Playlist] 내가 사랑한 엔니오 모리꼬네의 음악, my blue valentine ,뉴스
"""마음의 휴식이 필요해"" 널 위한 힐링음악 - 비내리는 오후", Music Drawing ,뉴스
자장가 | 할아버지의 낡은 시계 | 피아노+오르골 | 60분 | 수면음악 | 태교음악 | 1시간 연속듣기 | lullaby | 톰토미 (TOMTOMI), 톰토미 [TOMTOMI] - 인기 동요・동화 ,뉴스
영화 록키 영화음악 2곡(Bill Conti - Gonna Fly)(Survivor - Eye Of The Tiger)(Rocky OST), Channel OST ,뉴스
엄마가 보고 싶은 날...⭐ 지락이들의 음악 퀴즈 모음 #highlight #뿅뿅지구오락실2 EP.4, tvN ,뉴스
#BTS #방탄소년단 #수록곡 한국 대중음악 최초❗ 방탄 그래미 입성 기념🎉수록곡 무대 모음집💜[대케가수] / KBS 방송, KBS대전 [CULTURE&DOCUMENTARY] ,뉴스
고봉균 스페셜 콜라텍 현장음악  #사교댄스 #통합리듬짝 #4박잔발 #댄스음악 #사교댄스 음악 #짝 음악, 리콜이재우TV ,뉴스
𝐏𝐥𝐚𝐲𝐥𝐢𝐬𝐭 | 사랑한다는 말로도 위로가 되지 않을 때 듣는 인디음악 모음, 연튜브 ,뉴스
[한국인이 좋아하는 샹송/깐소네] 모나코 (외4곡), Nareusha Jeong ,뉴스
"Lets' Desserts : Cute and Sweet Music, 달달하고 귀여운 음악 모음, 브이로그 음악", 오늘의 일기 Oneul ,뉴스
(추천음악) 스콜피온스 락발라드 7곡 (Scorpions), 20th-21st century ,뉴스
[스타크래프트 라이브 콘서트] 테란 음악 앵콜 영상, 스타크래프트 ,뉴스
[역힙꼰] 꼰대들이 틀어주는 한국음악 MIXSET!, MAS / Modern Arts Society ,뉴스
[playlist] 내리는 건 비가 아니라 쳇 베이커의 음악이었다., offweb ,뉴스
❄️차분해지는 겨울❄️에 딱이야 | NEW 임윤찬 바흐 프랑스 모음곡 1 Hour, 음악을 펼쳐 보여드리는 뮤직큐레이터 피아쌤 ,뉴스
"3시간 크리스마스 캐롤 수면음악 + 오르골 🎵 잔잔한음악, 힐링음악, 마음이 편안해지는 음악", 힐링트리뮤직 Healing Tree Music & Sounds ,뉴스
"𝗣𝗟𝗔𝗬𝗟𝗜𝗦𝗧 어지러운 마음을 위로해줄 애틋한 음악들 | HACO, 혼즈, 윤도현밴드, 오왠 •••", 인디인디 In The Indie ,뉴스
戀人よ   五輪眞弓 코이비도요 - 이쯔와 마유미, 이재훈 ,뉴스
"고전영화음악, 부베의 연인 - 에덴 필하모닉 오케스트라", tv낡은목마 ,뉴스
"성시경 노래 모음 BEST 42곡 , 보고듣는 소울뮤직TV", 소울뮤직TV ,뉴스
"[영화OST / 영화음악] 첨밀밀 (甛蜜蜜 Comrades: Almost A Love Story, 1996)  - 등려군 ""첨밀밀""", 마광 ,뉴스
🔥요즘 가장 핫한 인기 팝송 모음 100곡 모두 해석해버리기 PLAYLIST, H녀 ,뉴스
뽀뽀해주고 싶었어요 너무 귀여워서🫳 | RIIZE 라이즈 Love 119 음악방송 대기실 비하인드 #1, RIIZE ,뉴스
200 Most Beautiful Romantic Guitar Music | The Best Relaxing Love Songs - Music For Love Hearts, Guitar Relaxation 101 ,뉴스
[playlist]내가 좋아하는 카페에서☕️ |내 방을 한남동 카페로 만들어주는 카페 음악 플리🎧, ɴᴏᴏʏ ᴘʟᴀʏʟɪꜱᴛ 누플리 ,뉴스
[#티전드] 냉삼을 두고 펼쳐지는 OB vs YB 음악퀴즈🎵 '광화문에서' 모르는 형들에 경악하는 피오ㅋㅋ | #신서유기8 #Diggle | CJ ENM 191115 방송, tvN D ENT ,뉴스
[Playlist] 류이치 사카모토가 단골 레스토랑을 위해 선곡한 현대음악 & 재즈 전곡 | Jazz 노래모음 카페 공부 독서 재택 코딩, Jazz Melody ,뉴스
2023 댕신나는 클럽음악 DJ아스터 MIXSET, ASTER MUSIC ,뉴스
하루 종일 듣기 좋은 노래 🎵💖일할때 듣기좋은 발라드 추천 광고없는 노래모음🎶 김범수/ 임창정/ 박효신/성시경/ 백지영/ 더원/태연/박명수/에일리/찬열/ 펀치/ 다비치/로꼬/ 펀치, 주황색 ORANGE MUSIC ,뉴스
[복면가왕] 다시보는 복면가왕 레전드_음악대장 하현우 모아보기ㅣ#엠뚜루마뚜루 #잼모아 (MBC 160508 등 방송), 엠뚜루마뚜루 : MBC 공식 종합 채널 ,뉴스
"아름답고 잔잔한 릴랙싱 한국 피아노 모음 1시간 - 수면음악, 숙면음악, 자기 전 듣기좋은 피아노", Piano Latte ,뉴스
10시간 버젼🎵 편안하게 독서할때  듣는 음악ㅣ공부할때 듣는 음악 ㅣ책읽을때 듣는음악 ㅣ집중력을 높이는 음악  by 힐링메이트, HealingMate - Dog Music ,뉴스
"영화 기쿠지로의 여름 ""Summer"" - 히사이시 조 영화음악 콘서트 | Joe Hisaishi  Film Music Concert", 라이브러리컴퍼니 ,뉴스
💓💗방구석 EDM-CLUB MIXSET~ 💞💓/헬스/클럽음악/드라이브/EDM/헌팅포차, DJ-JaeHyun ,뉴스
"🎧새벽 힐링 모동숲 노래 【﻿3Ｈ】ㅣ게임음악, 노동요, 집중 음악", 루피 loopi ,뉴스
"임윤찬이 연주하는 바흐 시칠리아노｜1시간 반복｜차분한 음악, 가사없는 음악", 오로르의 올플리 ,뉴스
[Playlist] 틀어놓으면 첫곡부터 극락가는 K-POP 노래모음 플레이리스트 | 케이팝 노동요 & 매장음악 플레이리스트, 핑프 ,뉴스
🚨챌린지로 역주행중인 선장의 노래 : Nathan Evans - Wellerman (Sea Shanty) [가사/해석/번역/lyrics], 쏘플 soso playlist ,뉴스
왕간다 음악 틀었는데 무대 찢는 고등학생, 무송송계란탁 ,뉴스
[Playlist] 작업하면서 틀어놓기 좋은 노동요 국내음악 노래모음 플레이리스트 PART 2, 핑프 ,뉴스
"[playlist]집중하려 들었다가 힐링까지되는, 가사없는 조용한 음악 두번째", by the way ,뉴스
음악은 이렇게 만들어 집니다 (feat. 찰리 푸스), 하다필름 HADAFILM ,뉴스
"선곡 맛집, 애플 광고 음악 : AJR - Bang! [가사 해석/lyrics]", 때잉 ,뉴스
"머리가 맑아지는 숲 속 치유음악 🎵 3시간 자연 명상음악, 마음이 편안해지는 음악, 새소리와 하프연주 (Forest Light)", 힐링트리뮤직 Healing Tree Music & Sounds ,뉴스
손오공 - 세븐틴 (SEVENTEEN) [뮤직뱅크/Music Bank] | KBS 230428 방송, KBS Kpop ,뉴스
5분만 들으면 바로 깊은 잠에 들어갑니다 | 잠들때 듣는 음악 | 잠오는 음악 | 수면 유도 음악 | 수면음악 | 잠잘 때 듣기 좋은 노래 힐링음악 명상음악, RELAXING - 편안해지는 음악 ,뉴스
[모던K실용음악학원] 2024 서경대학교 베이스합격 박충만 - Siuuuuuu (자작곡)｜입시곡, 모던K 실용음악학원 MODERNK OFFICIAL ,뉴스
한국인이 가장 좋아하는 7080 추억의 영화음악 20곡 - 중년들의 심금을 울리는 추억의 영화음악, Don king ,뉴스
[LG 벨벳 광고 음악] Johnny Stimson - Gimme Gimme [가사/해석/자막], 기몽초 ,뉴스
"(playlist) 마음이 죽은 사람들에게, 가사없는 음악", All was well ,뉴스
2002년 데뷔곡 BK LOVE 입니다 즐겁게 봐주세요, mc sniper ,뉴스
[Playlist] 가사 없는 음악 좋아하는 카페 사장님 손? 최준 너말고;;, 눈에띠네 ,뉴스
[쇼! 음악중심 4K] 블랙핑크 -Pretty Savage (BLACKPINK -Pretty Savage) MBC 201010 방송, MBCkpop ,뉴스
"10시간 슬픈 동양풍 수면음악 ""절대 울지않을게"" ⭐️ 잠잘때듣는음악, 잠오는음악, 불면증음악", 별이 사는 동네 Astral's Town ,뉴스
"🥤매장음악 광고없는☕ 스타벅스 매장음악곡 모음 🍁 STARBUCKS Soothing Jazz for study, work, read book.", 스타벅스 매장음악 2022 ,뉴스
밴쿠버 소년의 음악취향, 복코s Bokos ,뉴스
하루 종일 듣기 좋은 노래 🎶일할때 듣기좋은 발라드 추천 광고없는 노래모음🎵💖 김범수/ 임창정/ 박효신/성시경/ 백지영/ 더원/태연/박명수/에일리/찬열/ 펀치/ 다비치/로꼬/ 펀치, 발라드 명곡 ,뉴스
"갤럭시S22 광고음악, 아무도 날 막을 순 없어😤 Sia - Unstoppable[가사/해석/lyrics]", 라이크뮤직 LIKE MUSIC ,뉴스
Ryan Choi - Dellage 1hour(신비스럽고 어두운 음악/글쓸때 듣기 좋은 음악/BGM), Ryan Choi's Music Channel ,뉴스
가을엔 녹턴이지 | 임윤찬 쇼팽 녹턴 연주 | Classic Playlist, 음악을 펼쳐 보여드리는 뮤직큐레이터 피아쌤 ,뉴스
[Playlist] 느낌있게 리듬 타고 싶을 때 | 기분이 좋아지는 리드미컬한 데일리 팝 | rhythm & groove daily pop, essential; ,뉴스
😥음악(작곡)을 그만두는 시점 #shorts, KSS Music Official ,뉴스
2022 년 최고의 러닝 뮤직러🏃🏽‍♀️러닝 할때 듣는 음악🏃🏼‍♂️산책시 기분전환 최고의 음악🏃🏼‍♂️운동할 때 힘나는 음악, Running Music play list ,뉴스
"New Starbucks Jazz 2023   최고의 커피숍 음악 공부, 작업을 위한 재즈 배경  🎹 Starbuck Jazz Music for work, study.", 스타벅스 매장음악 2022 ,뉴스
"영화음악 베스트 차트 🌻🌻드라마 OST 역대 가장 인기 많았던 노래 베스트 100🌻들으면 눈물나는 발라드 명곡추천 ,김필,양파, 이승기,원티드,숙희,김범수,소울스타",  Deep Mood ,뉴스
동양풍수면음악+장작소리 Sleep Music 잠잘때듣는음악 불면증치료음악 힐링음악 중간광고없는음악 편안한음악 수면유도음악, Flow Music ,뉴스
[동화 같은 브금 모음] 공부할때 듣는 음악 / 판타지 브금 / 몽환적인 노래 / 힐링 피아노 뉴에이지 / 자기전에 듣기좋은 노래 / 브금추천 / Rinne Music 모음, Rinne Music ,뉴스
"[Playlist] 2023 상반기 이 정도면 잘했어😊ㅣ2023 상반기 결산 특집, 놓쳐선 안될 팝 50ㅣ50 best pop songs in first half of 2023😊", essential; ,뉴스
"광고없는 클래식 자장가⭐ | 잠이 솔솔 수면 음악 | 클래식 자장가 모음집 | 캐논, 백조, 꿈, 왈츠 등 80분 연속 재생 | 주니토니 | JunyTony", 주니토니 동요동화 - 키즈캐슬 ,뉴스
미국 음악 영화 특징3, 예예 yehyeh ,뉴스
하루 종일 듣기 좋은 노래 🎶일할때 듣기좋은 발라드 추천 광고없는 노래모음🎵💖 김범수/ 임창정/ 박효신/성시경/ 백지영/ 더원/태연/박명수/에일리/찬열/ 펀치/ 다비치/로꼬/ 펀치, 발라드 명곡 ,뉴스
"공부할때 듣는 음악 모음♬ (집중력 높이는 음악) |아련한, 슬픈, 잔잔한 음악 1시간", Tido Kang ,뉴스
치유 명상음악 연속듣기 | 마음이 편안해지는 음악 | 스트레스 해소 음악 | 이완 효과가 있는 음악 | 잠잘때 듣는 음악 휴식을 위한 명상음악연속듣기, Soothing Relaxation Music ,뉴스
미국 음악 영화 특징, 예예 yehyeh ,뉴스
하루 종일 듣기 좋은 노래 🎵💖일할때 듣기좋은 발라드 추천 광고없는 노래모음🎶 김범수/ 임창정/ 박효신/성시경/ 백지영/ 더원/태연/박명수/에일리/찬열/ 펀치/ 다비치/로꼬/ 펀치, 주황색 ORANGE MUSIC ,뉴스
티베트 전통 음악과 춤 / 장족여인 '용지', 임종현 ,뉴스
"[광고없음] 추억의 팝송 60곡, 7080 가슴 시린 아름다운 팝송,  가사 번역 자막, 7080 팝송, Greatest Hits Golden Oldies Songs, HQ고음질", 추억의팝송TV ,뉴스
🤗🤗 #음악줄넘기 #하준우 #하연우, jumpooTV ,뉴스
봄에 듣기 좋은 잔잔한 피아노 음악 🌸 Relaxing Piano Music, Soft Melody ,뉴스
[최고의 5분_우리들의 쇼10] 역대급 애절한 무대! 양지은의 '가버린 사랑'  MBN 221019 방송, MBN Entertainment ,뉴스
"[유산소 Play List] 국내 댄스 음악 플레이리스트 (헬스장 러닝머신, 사이클, 야외 러닝, 운동)", 인생이시트콤_고구마 VLOG ,뉴스
시원한 여름 음악 🌴 반짝이는 여름 바다를 담은 듯한 피아노 연주곡, Mellow Land ,뉴스
하루 종일 듣기 좋은 노래 🎵💖일할때 듣기좋은 발라드 추천 광고없는 노래모음🎶 김범수/ 임창정/ 박효신/성시경/ 백지영/ 더원/태연/박명수/에일리/찬열/ 펀치/ 다비치/로꼬/ 펀치, 주황색 ORANGE MUSIC ,뉴스
르세라핌 ANTIFRAGILE 음악을 제거했더니...!, 유준호 ,뉴스
Thinkin’ About You - H1-KEY (하이키) [뮤직뱅크/Music Bank] | KBS 240119 방송, KBS Kpop ,뉴스
가사 존나 슬프네...🥹 : Bruno Mars - When I Was Your Man [가사/해석/lyrics], 때잉 ,뉴스
"𝗽𝗹𝗮𝘆𝗹𝗶𝘀𝘁 이게 밴드다ㅣ일본 밴드음악 모음ㅣJPOPㅣSPYAIR, Ellegarden, Novelbright, Yuuri", 열음yeolmii ,뉴스
"공부할때 듣는 음악 모음♬ (집중력 높이는 음악) | 수면유도음악,델타파,잠잘때 듣는,아련한, 슬픈, 잔잔한 음악 1시간", Tido Kang ,뉴스
여유롭게 햇살을 즐겨볼까요? ✨ 몽글몽글 잔잔한 노래 모음 🌱 아침에 듣기좋은 달달한 힐링 팝송 플리 | Design making tutorial, Blue rain ,뉴스
𝐏𝐥𝐚𝐲𝐥𝐢𝐬𝐭 | '세상은 소리로 가득 차있어요' 류이치 사카모토, 마이오데스 My Odes ,뉴스
장원영 : 따ㅎ (갑자기 음악이 멈추면) ♬ 아이브 - I AM, 리즈 시절 LIZ TIMES ,뉴스
하루 종일 듣기 좋은 노래 🎶일할때 듣기좋은 발라드 추천 광고없는 노래모음🎵💖 김범수/ 임창정/ 박효신/성시경/ 백지영/ 더원/태연/박명수/에일리/찬열/ 펀치/ 다비치/로꼬/ 펀치, 발라드 명곡 ,뉴스
한양대 음악 천재 등장.. 비전공자의 신들린 드럼 연주 수준 ㄷㄷ, 섭이네 ,뉴스
"【스타벅스 BGM】🥤11월에 스타벅스 최고의 음악을 듣습니다 🥤아침에 카페에서 듣고 싶은 우아한 스타벅스 음악, 스타벅스 재즈 카페 음악으로 마음과 몸을 풀어보세요.", 스타벅스 매장음악 2022 ,뉴스
20240124 어서오세요 반갑습니다 #목포감성주점 #랜선나이트 #신나는음악, REMIXKOREA ,뉴스
"[Asmr] 빗소리와 함께하는 잔잔한 힐링 음악, 1시간 | 마인크래프트 | 빗소리 | 수면 유도음악 | 마음이 편안해지는 음악 |", HealingCraft ,뉴스
세상의모든음악 240122, J woodworks ,뉴스
"[HOT] Rumble Fish - Rain and You, 럼블 피쉬 - 비와 당신, Yesterday 20140405", MBCkpop ,뉴스
"최고의 수면 유도 음악🎵행복해지는 수면음악,당신의 밤을 위한 잔잔한 수면음악😴마법같은 수면음악", 힐링주파수 ,뉴스
"𝗽𝗹𝗮𝘆𝗹𝗶𝘀𝘁 | 애니 음악의 거장, 사와노 히로유키 노래 모음", Record Shop ,뉴스
"스타벅스 가을 BGM 스타벅스 가을 커피 음악 10월 스타벅스 최고의 노래   다이나믹한 아침, 잔잔한 가을 재즈 음악  매일 아침 커피숍 기분으로 집중하는 가장 편안한 방법.", 스타벅스 매장음악 2022 ,뉴스
미미미누 (음악의 신 - 세븐틴), 미미미미미누 ,뉴스
"당신을 잠들게 하는 기적의 음악 🎶 마음을 위로하는 수면음악  🎶  스트레스해소음악, 잠잘때듣는음악, 힐링음악, 잠오는음악", RELAXING - 편안해지는 음악 ,뉴스
"𝐏𝐥𝐚𝐲𝐥𝐢𝐬𝐭 첫 소절 듣자마자 ""ㅇㅋ 통과""가 절로 나온 팝송들 | 첫 소절만 들어도 너무 좋은 띵곡 모음", mycozypop ,뉴스
131124 유재하 음악경연대회 홍이삭 - 봄아, 미성년 ,뉴스
"음악캠프 - Steve Yoo - Passion, 유승준 - 열정, Music Camp 19990515", MBCkpop ,뉴스
공연중 음악이 갑자기 끊겼을때 대처법 #유니 #별난가족 #대처법, 별난 가족 byulnan family ,뉴스
(ENG SUB)무조건 플레이리스트에 넣을 수 밖에 없는 JPOP 음악 모음집 | 룩삼의 베스트 JPOP 음악 월드컵, LookSam ,뉴스
베르디 '나부코' 중 히브리 노예들의 합창  -   바빌론 강가에서 요단 강을 그리워하며 우리는 울었네., 진회숙의 Jinnie TV ,뉴스
"[전과자-이창섭] 노래 잘하기로 소문난 호원대 실용음악과, 11학번 비투비 이창섭 (인덕대-방송연예과)", 백수가되고싶은푸들 ,뉴스
소소한 행복! 귀여운 음악 모음 : Happy and Cute Piano Music, 오늘의 일기 Oneul ,뉴스
"🏯지브리 스튜디오 x 재즈 l 𝐒𝐭𝐮𝐝𝐢𝐨 𝐆𝐡𝐢𝐛𝐥𝐢 𝐉𝐚𝐳𝐳 l スタジオジブリ l Ghibli OST Piano Music for Cafe, Study, Focus💕", MONKEY BGM ,뉴스
하루 종일 듣기 좋은 노래 🎵💖일할때 듣기좋은 발라드 추천 광고없는 노래모음🎶 김범수/ 임창정/ 박효신/성시경/ 백지영/ 더원/태연/박명수/에일리/찬열/ 펀치/ 다비치/로꼬/ 펀치, 주황색 ORANGE MUSIC ,뉴스
감성 발라드 명곡 💖하루 종일 듣기 좋은 노래 🎶 김범수/ 임창정/ 박효신/성시경/ 백지영/ 더원/태연/박명수/에일리/찬열/ 펀치/ 다비치/로꼬/ 펀치, 발라드 명곡 ,뉴스
[쇼! 음악중심] 싹쓰리 -여름 안에서 + 다시 여기 바닷가 (SSAK3 -In Summer + Beach again), MBCkpop ,뉴스
고막에 니코틴 때려 넣는 음악, 왓플 ,뉴스
하루 종일 듣기 좋은 노래 🎵💖일할때 듣기좋은 발라드 추천 광고없는 노래모음🎶 김범수/ 임창정/ 박효신/성시경/ 백지영/ 더원/태연/박명수/에일리/찬열/ 펀치/ 다비치/로꼬/ 펀치, 주황색 ORANGE MUSIC ,뉴스
✔스타벅스 매장음악 🎹 실시간 음악 매장음악 광고없는🌻  週末の朝カフェBGM ☕ STARBUCKS Soothing Jazz for work and study., 스타벅스 매장음악 2022 ,뉴스
하루 종일 듣기 좋은 노래 🎵💖일할때 듣기좋은 발라드 추천 광고없는 노래모음🎶 김범수/ 임창정/ 박효신/성시경/ 백지영/ 더원/태연/박명수/에일리/찬열/ 펀치/ 다비치/로꼬/ 펀치, 주황색 ORANGE MUSIC ,뉴스
하루 종일 듣기 좋은 노래 🎶일할때 듣기좋은 발라드 추천 광고없는 노래모음🎵💖 김범수/ 임창정/ 박효신/성시경/ 백지영/ 더원/태연/박명수/에일리/찬열/ 펀치/ 다비치/로꼬/ 펀치, 발라드 명곡 ,뉴스
피아노 음악과 함께 피어나는 봄꽃의 달콤함을 느껴보세요 🌸 Spring Day, Soft Melody ,뉴스
"클래식과 재즈가 어우러져 만들어진 차분한 커피숍 음악,재즈 음악,클래식 음악,피아노 음악,이미지 저작권 없음", relaxing jazz ,뉴스
하루 종일 듣기 좋은 노래 🎶일할때 듣기좋은 발라드 추천 광고없는 노래모음🎵💖 김범수/ 임창정/ 박효신/성시경/ 백지영/ 더원/태연/박명수/에일리/찬열/ 펀치/ 다비치/로꼬/ 펀치, 발라드 명곡 ,뉴스
하루 종일 듣기 좋은 노래 🎶일할때 듣기좋은 발라드 추천 광고없는 노래모음🎵💖 김범수/ 임창정/ 박효신/성시경/ 백지영/ 더원/태연/박명수/에일리/찬열/ 펀치/ 다비치/로꼬/ 펀치, 발라드 명곡 ,뉴스
[EN] 참이슬라이브의 끝판왕 실용음악과 MT 1부 | 전과자 ep.10, ootb STUDIO ,뉴스
하루 종일 듣기 좋은 노래 🎵💖일할때 듣기좋은 발라드 추천 광고없는 노래모음🎶 김범수/ 임창정/ 박효신/성시경/ 백지영/ 더원/태연/박명수/에일리/찬열/ 펀치/ 다비치/로꼬/ 펀치, 주황색 ORANGE MUSIC ,뉴스
비가 올 때 듣는 8090년대 음악☔잊지못할 추억의노래☔비 오는 날 듣기 좋은 노래들, 8090 추억의 노래 - Korea Song ,뉴스
낭만의 LP음악 [뉴스광장 영상] / KBS  2024.01.22., KBS News ,뉴스
공부할 때 듣기 좋은 카페 음악 1시간 Peaceful Classics: 1-Hour Study Serenade, Study & Sound ,뉴스
53살 캐럿이 부르는 '세븐틴 - 음악의 신' #shorts, 나몰라패밀리 핫쇼 ,뉴스
하루 종일 듣기 좋은 노래 🎶일할때 듣기좋은 발라드 추천 광고없는 노래모음🎵💗 김범수/ 임창정/ 박효신/성시경/ 백지영/ 더원/태연/박명수/에일리/찬열/다비치/펀치/ 로꼬/ 펀치, 발라드 명곡 ,뉴스
강아지가 좋아하는 음악💖🎵강아지 수면 음악 20시간🐶💖강아지 분리불안 해소 음악🎵💖혼자 외로운 반려견의 스트레스 해소음악🐶💖출근할때 외출할때 틀어주세요 by 힐링메이트, HealingMate - Dog Music ,뉴스
하루 종일 듣기 좋은 노래 🎶일할때 듣기좋은 발라드 추천 광고없는 노래모음🎵💖 김범수/ 임창정/ 박효신/성시경/ 백지영/ 더원/태연/박명수/에일리/찬열/ 펀치/ 다비치/로꼬/ 펀치, 발라드 명곡 ,뉴스
"[영화OST / 영화음악] 타이타닉 (Titanic, 1997) - 셀리디온 ""My Heart Will Go On""", 마광 ,뉴스
🥶겨울을 음악으로 표현한다면? #비발디 #사계 #shorts, SOSOHAN CLASSIC 김윤경의 소소한 클래식 ,뉴스
"행운을 끌어오는 신비한 명상음악 🎵 하루10분 만병을 치료 해주는 힐링 명상 기치료 음악 및 영상, 힐링음악, 요가음악, 명상음악", 힐링트리뮤직Healing Tree Music ,뉴스
"스트레스, 피로, 우울증, 부정, 해독 부정적인 감정을 완화하기위한 음악 치유", La La Land ,뉴스
저작권 없는 음악 밝은 음악 20곡 #저작권 #광고없음 #3시간, 찐이네 ,뉴스
하루 종일 듣기 좋은 노래 🎶일할때 듣기좋은 발라드 추천 광고없는 노래모음🎵💖 김범수/ 임창정/ 박효신/성시경/ 백지영/ 더원/태연/박명수/에일리/찬열/ 펀치/ 다비치/로꼬/ 펀치, 발라드 명곡 ,뉴스
[EN] 화석이 MT에 가면 생기는 일 실용음악과 MT 2부 (+방학 계획) | 전과자 ep.11, ootb STUDIO ,뉴스
5분만 들으면 바로 깊은 잠에 들어갑니다 | 잠들때 듣는 음악 | 잠오는 음악 | 수면 유도 음악 | 수면음악 | 잠잘 때 듣기 좋은 노래 힐링음악 명상음악, RELAXING - 편안해지는 음악 ,뉴스
[Plalylist] 지금 뭐해 난 니 생각해 ㅣ 인디 음악 모음🎶✨, 도담 Playlist ,뉴스
하루 종일 듣기 좋은 노래 🎶일할때 듣기좋은 발라드 추천 광고없는 노래모음🎵💖 김범수/ 임창정/ 박효신/성시경/ 백지영/ 더원/태연/박명수/에일리/찬열/ 펀치/ 다비치/로꼬/ 펀치, 발라드 명곡 ,뉴스
하루 종일 듣기 좋은 노래 🎶일할때 듣기좋은 발라드 추천 광고없는 노래모음🎵💖 김범수/ 임창정/ 박효신/성시경/ 백지영/ 더원/태연/박명수/에일리/찬열/ 펀치/ 다비치/로꼬/ 펀치, 발라드 명곡 ,뉴스
하루 종일 듣기 좋은 노래 🎶일할때 듣기좋은 발라드 추천 광고없는 노래모음🎵💖 김범수/ 임창정/ 박효신/성시경/ 백지영/ 더원/태연/박명수/에일리/찬열/ 펀치/ 다비치/로꼬/ 펀치, 발라드 명곡 ,뉴스
✔스타벅스 매장음악 🎹 실시간 음악 매장음악 광고없는🌻  週末の朝カフェBGM ☕ STARBUCKS Soothing Jazz for work and study., 스타벅스 매장음악 2022 ,뉴스
운동 음악 - Workout Music 2023 🌟트레이닝 중 터지는 힙합 트랙 모음🏋‍♀ 역대 최고의 운동 및 러닝 믹스🔥, 운동 음악 - Workout Music ,뉴스
하루 종일 듣기 좋은 노래 🎶일할때 듣기좋은 발라드 추천 광고없는 노래모음🎵💖 김범수/ 임창정/ 박효신/성시경/ 백지영/ 더원/태연/박명수/에일리/찬열/ 펀치/ 다비치/로꼬/ 펀치, 발라드 명곡 ,뉴스
하루 종일 듣기 좋은 노래 🎶일할때 듣기좋은 발라드 추천 광고없는 노래모음🎵💖 김범수/ 임창정/ 박효신/성시경/ 백지영/ 더원/태연/박명수/에일리/찬열/ 펀치/ 다비치/로꼬/ 펀치, 발라드 명곡 ,뉴스
"[sub]🧳EP.1-1ㅣ하이브! 음악만 틀어줄게, 알아서 들어와봐요 ㅣ🧳출장십오야2 x 하이브", 채널십오야 ,뉴스
하루 종일 듣기 좋은 노래 🎶일할때 듣기좋은 발라드 추천 광고없는 노래모음🎵💖 김범수/ 임창정/ 박효신/성시경/ 백지영/ 더원/태연/박명수/에일리/찬열/ 펀치/ 다비치/로꼬/ 펀치, 발라드 명곡 ,뉴스
차분하고 포근한 감성의 인디 음악, 맬러리 뮤직 Mallory Music ,뉴스
스타벅스 겨울 음악 BGM 🥤 따뜻하고 활기찬 겨울을 위한 신나는 재즈 음악   크리스마스 아침의 스타벅스 커피숍은 행복하고 긍정적인 새로운 하루를 보낼 수 있도록 도와줄 것입니다, 스타벅스 매장음악 2022 ,뉴스
하루 종일 듣기 좋은 노래 🎶일할때 듣기좋은 발라드 추천 광고없는 노래모음🎵💖 김범수/ 임창정/ 박효신/성시경/ 백지영/ 더원/태연/박명수/에일리/찬열/ 펀치/ 다비치/로꼬/ 펀치, 발라드 명곡 ,뉴스
음악을 8500배속으로 듣는 퀵실버, 배우는 사람 ,뉴스
"부정적인 생각을 멈춰주는 수면음악, 안정을 주는 음악, 편안한음악", 힐링앤뮤직 Healing and Music ,뉴스
하루 종일 듣기 좋은 노래 🎶일할때 듣기좋은 발라드 추천 광고없는 노래모음🎵💖 김범수/ 임창정/ 박효신/성시경/ 백지영/ 더원/태연/박명수/에일리/찬열/ 펀치/ 다비치/로꼬/ 펀치, 발라드 명곡 ,뉴스
하루 종일 듣기 좋은 노래 🎶일할때 듣기좋은 발라드 추천 광고없는 노래모음🎵💖 김범수/ 임창정/ 박효신/성시경/ 백지영/ 더원/태연/박명수/에일리/찬열/ 펀치/ 다비치/로꼬/ 펀치, 발라드 명곡 ,뉴스
하루 종일 듣기 좋은 노래 🎶일할때 듣기좋은 발라드 추천 광고없는 노래모음🎵💖 김범수/ 임창정/ 박효신/성시경/ 백지영/ 더원/태연/박명수/에일리/찬열/ 펀치/ 다비치/로꼬/ 펀치, 발라드 명곡 ,뉴스
하루 종일 듣기 좋은 노래 🎶일할때 듣기좋은 발라드 추천 광고없는 노래모음🎵💖 김범수/ 임창정/ 박효신/성시경/ 백지영/ 더원/태연/박명수/에일리/찬열/ 펀치/ 다비치/로꼬/ 펀치, 발라드 명곡 ,뉴스
💌 스타벅스 매장음악 🥤 실시간 음악 매장음악 광고없는 ☕ 週末の朝カフェBGM ☕ STARBUCKS Soothing Jazz for work and study, 스타벅스 매장음악 2022 ,뉴스
하루 종일 듣기 좋은 노래 🎶일할때 듣기좋은 발라드 추천 광고없는 노래모음🎵💖 김범수/ 임창정/ 박효신/성시경/ 백지영/ 더원/태연/박명수/에일리/찬열/ 펀치/ 다비치/로꼬/ 펀치, 발라드 명곡 ,뉴스
하루 종일 듣기 좋은 노래 🎶일할때 듣기좋은 발라드 추천 광고없는 노래모음🎵💖 김범수/ 임창정/ 박효신/성시경/ 백지영/ 더원/태연/박명수/에일리/찬열/ 펀치/ 다비치/로꼬/ 펀치, 발라드 명곡 ,뉴스
난생 처음 듣는 미친 고음에 놀란 직원들 반응ㄷㄷ 윤도현 - 박하사탕, SOONIGROUP [수니그룹] ,뉴스
[키스오브라이프] 복싱 컨셉 지대로인 써클차트 무대 | Bad News, 니 무슨 띠고? 나띤데예 ,뉴스
하루 종일 듣기 좋은 노래 🎶일할때 듣기좋은 발라드 추천 광고없는 노래모음🎵💖 김범수/ 임창정/ 박효신/성시경/ 백지영/ 더원/태연/박명수/에일리/찬열/ 펀치/ 다비치/로꼬/ 펀치, 발라드 명곡 ,뉴스
하루 종일 듣기 좋은 노래 🎶일할때 듣기좋은 발라드 추천 광고없는 노래모음🎵💖 김범수/ 임창정/ 박효신/성시경/ 백지영/ 더원/태연/박명수/에일리/찬열/ 펀치/ 다비치/로꼬/ 펀치, 발라드 명곡 ,뉴스
하루 종일 듣기 좋은 노래 🎶일할때 듣기좋은 발라드 추천 광고없는 노래모음🎵💖 김범수/ 임창정/ 박효신/성시경/ 백지영/ 더원/태연/박명수/에일리/찬열/ 펀치/ 다비치/로꼬/ 펀치, 발라드 명곡 ,뉴스
하루 종일 듣기 좋은 노래 🎶일할때 듣기좋은 발라드 추천 광고없는 노래모음🎵💖 김범수/ 임창정/ 박효신/성시경/ 백지영/ 더원/태연/박명수/에일리/찬열/ 펀치/ 다비치/로꼬/ 펀치, 발라드 명곡 ,뉴스
하루 종일 듣기 좋은 노래 🎶일할때 듣기좋은 발라드 추천 광고없는 노래모음🎵💖 김범수/ 임창정/ 박효신/성시경/ 백지영/ 더원/태연/박명수/에일리/찬열/ 펀치/ 다비치/로꼬/ 펀치, 발라드 명곡 ,뉴스
"영화음악 베스트 차트 🌻🌻드라마 OST 역대 가장 인기 많았던 노래 베스트 100🌻들으면 눈물나는 발라드 명곡추천 ,김필,양파, 이승기,원티드,숙희,김범수,소울스타",  Deep Mood ,뉴스
하루 종일 듣기 좋은 노래 🎶일할때 듣기좋은 발라드 추천 광고없는 노래모음🎵💖 김범수/ 임창정/ 박효신/성시경/ 백지영/ 더원/태연/박명수/에일리/찬열/ 펀치/ 다비치/로꼬/ 펀치, 발라드 명곡 ,뉴스
하루 종일 듣기 좋은 노래 🎶일할때 듣기좋은 발라드 추천 광고없는 노래모음🎵💖 김범수/ 임창정/ 박효신/성시경/ 백지영/ 더원/태연/박명수/에일리/찬열/ 펀치/ 다비치/로꼬/ 펀치, 발라드 명곡 ,뉴스
하루 종일 듣기 좋은 노래 🎶일할때 듣기좋은 발라드 추천 광고없는 노래모음🎵💖 김범수/ 임창정/ 박효신/성시경/ 백지영/ 더원/태연/박명수/에일리/찬열/ 펀치/ 다비치/로꼬/ 펀치, 발라드 명곡 ,뉴스
하루 종일 듣기 좋은 노래 🎶일할때 듣기좋은 발라드 추천 광고없는 노래모음🎵💖 김범수/ 임창정/ 박효신/성시경/ 백지영/ 더원/태연/박명수/에일리/찬열/ 펀치/ 다비치/로꼬/ 펀치, 발라드 명곡 ,뉴스
스타벅스 BGM 뇌의 피로를 줄여준다   편안한 휴식 재즈 음악   심신의 휴식을 위한 휴식 공간   아침에 커피숍에서 듣고 싶은 고급스러운 스타벅스 음악 스타벅스 JAZZ 카페, 스타벅스 매장음악 2022 ,뉴스
하루 종일 듣기 좋은 노래 🎶일할때 듣기좋은 발라드 추천 광고없는 노래모음🎵💖 김범수/ 임창정/ 박효신/성시경/ 백지영/ 더원/태연/박명수/에일리/찬열/ 펀치/ 다비치/로꼬/ 펀치, 발라드 명곡 ,뉴스
하루 종일 듣기 좋은 노래 🎶일할때 듣기좋은 발라드 추천 광고없는 노래모음🎵💖 김범수/ 임창정/ 박효신/성시경/ 백지영/ 더원/태연/박명수/에일리/찬열/ 펀치/ 다비치/로꼬/ 펀치, 발라드 명곡 ,뉴스
하루 종일 듣기 좋은 노래 🎶일할때 듣기좋은 발라드 추천 광고없는 노래모음🎵💖 김범수/ 임창정/ 박효신/성시경/ 백지영/ 더원/태연/박명수/에일리/찬열/ 펀치/ 다비치/로꼬/ 펀치, 발라드 명곡 ,뉴스
음악대장에게 희생당한 가수들, 할짓없는고양이 ,뉴스
하루 종일 듣기 좋은 노래 🎶일할때 듣기좋은 발라드 추천 광고없는 노래모음🎵💖 김범수/ 임창정/ 박효신/성시경/ 백지영/ 더원/태연/박명수/에일리/찬열/ 펀치/ 다비치/로꼬/ 펀치, 발라드 명곡 ,뉴스
음악 맞추기 시작하는  전 동대문구 황보  의원님 #댄싱퀸 #shotrs #지루박, 황규선 ,뉴스
감성 발라드 명곡 💖하루 종일 듣기 좋은 노래 🎶 김범수/ 임창정/ 박효신/성시경/ 백지영/ 더원/태연/박명수/에일리/찬열/ 펀치/ 다비치/로꼬/ 펀치, 발라드 명곡 ,뉴스
스타벅스 매장음악 ☕ 실시간 음악 🎁 매장음악 광고없는🎹  週末の朝カフェBGM ☕ STARBUCKS Soothing Jazz for work and study., 스타벅스 매장음악 2022 ,뉴스
하루 종일 듣기 좋은 노래 🎶일할때 듣기좋은 발라드 추천 광고없는 노래모음🎵💖 김범수/ 임창정/ 박효신/성시경/ 백지영/ 더원/태연/박명수/에일리/찬열/ 펀치/ 펀치/ 다비치/로꼬, 발라드 명곡 ,뉴스
하루 종일 듣기 좋은 노래 🎶일할때 듣기좋은 발라드 추천 광고없는 노래모음🎵💖 김범수/ 임창정/ 박효신/성시경/ 백지영/ 더원/태연/박명수/에일리/찬열/ 펀치/ 다비치/로꼬/ 펀치, 발라드 명곡 ,뉴스
"작곡가 진은숙, 아시아 최초 ‘에른스트 폰 지멘스 음악상’ 수상 / KBS  2024.01.25.", KBS News ,뉴스
하루 종일 듣기 좋은 노래 🎶일할때 듣기좋은 발라드 추천 광고없는 노래모음🎵💖 김범수/ 임창정/ 박효신/성시경/ 백지영/ 더원/태연/박명수/에일리/찬열/ 펀치/ 펀치/ 다비치/로꼬, 발라드 명곡 ,뉴스
"르세라핌 이브, 프시케 그리고 푸른 수염의 아내 음악을 제거했더니 #shorts", 유준호 ,뉴스
유튜브 단골 배경음악 BEST 20 / Youtube Free Music Best 20, Hoyamina ,뉴스
"𝐏𝐥𝐚𝐲𝐥𝐢𝐬𝐭 2023년 8월 5일 실시간 인기차트 🎵🍏 KPOP 발라드, 팝송, 힙합, 아이돌 그룹 | 노래모음 최신가요, 광고없는 멜론차트 플레이리스트 | PLAYLIST", 1H Kpop ,뉴스
하루 종일 듣기 좋은 노래 🎶일할때 듣기좋은 발라드 추천 광고없는 노래모음🎵💖 김범수/ 임창정/ 박효신/성시경/ 백지영/ 더원/태연/박명수/에일리/찬열/ 펀치/ 다비치/로꼬/ 펀치, 발라드 명곡 ,뉴스
하루 종일 듣기 좋은 노래 🎶일할때 듣기좋은 발라드 추천 광고없는 노래모음🎵💖 김범수/ 임창정/ 박효신/성시경/ 백지영/ 더원/태연/박명수/에일리/찬열/ 펀치/ 다비치/로꼬/ 펀치, 발라드 명곡 ,뉴스
리듬타는 유채꽃 실존🌼🎵ㄴ당연함 Mr. Vampire임 #ITZY #MIDZY #CHAERYEONG #채령 #YUNA ZY_MrVampire, ITZY ,뉴스
니가 이 정도로 행복하길 바란건 아니었는데🤔 #BadGirls #ARTBEAT #DANCEBATTLE, ARTBEAT ,뉴스
1990년 음악방송에서 1위 했었던 상반기 히트곡 #shorts, 탑텐스 ,뉴스
하루 종일 듣기 좋은 노래 🎶일할때 듣기좋은 발라드 추천 광고없는 노래모음🎵💖 김범수/ 임창정/ 박효신/성시경/ 백지영/ 더원/태연/박명수/에일리/찬열/ 펀치/ 다비치/로꼬/ 펀치, 발라드 명곡 ,뉴스
하루 종일 듣기 좋은 노래 🎶일할때 듣기좋은 발라드 추천 광고없는 노래모음🎵💖 김범수/ 임창정/ 박효신/성시경/ 백지영/ 더원/태연/박명수/에일리/찬열/ 펀치/ 다비치/로꼬/ 펀치, 발라드 명곡 ,뉴스
하루 종일 듣기 좋은 노래 🎶일할때 듣기좋은 발라드 추천 광고없는 노래모음🎵💖 김범수/ 임창정/ 박효신/성시경/ 백지영/ 더원/태연/박명수/에일리/찬열/ 펀치/ 다비치/로꼬/ 펀치, 발라드 명곡 ,뉴스
섹시한 분위기를 만드는 라운지 음악 ♫♪ELIAS MUSIC, EliasMusic ,뉴스
하루 종일 듣기 좋은 노래 🎶일할때 듣기좋은 발라드 추천 광고없는 노래모음🎵💖 김범수/ 임창정/ 박효신/성시경/ 백지영/ 더원/태연/박명수/에일리/찬열/ 펀치/ 다비치/로꼬/ 펀치, 발라드 명곡 ,뉴스
하루 종일 듣기 좋은 노래 🎶일할때 듣기좋은 발라드 추천 광고없는 노래모음🎵💖 김범수/ 임창정/ 박효신/성시경/ 백지영/ 더원/태연/박명수/에일리/찬열/ 펀치/ 다비치/로꼬/ 펀치, 발라드 명곡 ,뉴스
호불호 갈리는 아이들 선공개곡 가사 #shorts, K썩은물 ,뉴스
"행복하고 감미로운 피아노 음악, 마음이 편안해지고 심신이 충전되는 피아노 음악,휴식,수면,공부를 위한 고품격 피아노 클래식 음악/ Happy and Sweet Piano Music", 살 맛나는 세상TV ,뉴스
🌸세월이흘러도 잊을수없는노래🌸💖김명희님 희망음악, Dj 김봉수 ,뉴스
"환상의 색소폰연주 - 마음이 편안해지는 힐링음악 🎷 편안한 음악마음이 편안해지는 힐링음악 ,모닥불 소리,스트레스 해소음악,명상음악", Saxophone Korea ,뉴스
하루 종일 듣기 좋은 노래 🎶일할때 듣기좋은 발라드 추천 광고없는 노래모음🎵💖 김범수/ 임창정/ 박효신/성시경/ 백지영/ 더원/태연/박명수/에일리/찬열/ 펀치/ 다비치/로꼬/ 펀치, 발라드 명곡 ,뉴스
개밤보라119-신청곡이 맛있는 음악맛집, 개밤보라-문산김서방 음악채널 ,뉴스
💌 스타벅스 매장음악 🥤 실시간 음악 매장음악 광고없는 ☕ 週末の朝カフェBGM ☕ STARBUCKS Soothing Jazz for work and study., 스타벅스 매장음악 2022 ,뉴스
하루 종일 듣기 좋은 노래 🎶일할때 듣기좋은 발라드 추천 광고없는 노래모음🎵💖 김범수/ 임창정/ 박효신/성시경/ 백지영/ 더원/태연/박명수/에일리/찬열/ 펀치/ 다비치/로꼬/ 펀치, 발라드 명곡 ,뉴스
"JD1, 마지막 음악방송 출근길! 이제는 세계로 진출~ (KBS '#뮤직뱅크' #정동원)", NewsInStar ,뉴스
[Hidden Playlist #7] 비오는 여름밤 감성 가득한 음악 / 여름밤 듣기 좋은 노래 모음집, Music is my life ,뉴스
[문화연예 플러스] 베이비몬스터 아현 곧 합류‥7인조 활동 (2024.01.26/뉴스투데이/MBC), MBCNEWS ,뉴스
오디션 출신 가수들의 레전드 라이브 모음🎤ㅣ더 싱어[반복재생], YTN2 ,뉴스
음악 피드백 도중 빅엿을 날리다 #비트메이킹, Optical Eyez XL 엑셀 ,뉴스
"𝐏𝐥𝐚𝐲𝐥𝐢𝐬𝐭 아침을 여는 커피 한 잔, 아무 생각 없이 편하게 쉬면서 듣기 좋은 팝송", 사계 ꜰᴏᴜʀ sᴇᴀsᴏɴs ,뉴스
"""임영웅 음악으로 위로받아""…'호박고구마'의 정체는? / JTBC 사건반장", JTBC News ,뉴스
브라이언 극대노할 때마다 나오는 클래식 음악? #shorts, 숨쉬는 예술 ,뉴스
"𝑷𝒍𝒂𝒚𝒍𝒊𝒔𝒕 일할때 듣는 여유로운 BGM l 매장 음악, 카페 음악 l 1시간 듣기", Today's Playlist ,뉴스
오디션 출신 가수들의 레전드 라이브 모음🎤ㅣ더 싱어 / YTN2, YTN2 ,뉴스
음악과 함께 하는 영어 발음의 비밀(스트라토바리우스:  Forever 2) #youtubeshorts, 군인아저씨 영어발음분해 공식 ,뉴스
구독자 100억명 음악 유튜버 최고의 순간은? #ai, 공식 유튜브 컨트리뷰터 / 사이시옷 ,뉴스
1993년 지상파 음악방송에서 1위 해본적 없는 히트곡 #shorts, 탑텐스 ,뉴스
[best_Healinglife] 편안한 음악 #수면음악 #차분한음악 Relaxing Music - #StressReliefMusic #SleepMusic #CalmingMusic, Healing_Life ,뉴스
"편안한 수면 음악 - 빠르게 잠들기, 깊은 수면 여행, 스트레스, 우울증, 불면증 치유", SleepingStation ,뉴스
"2024년 최고의 재즈 스타벅 리스트,🎄 매일 아침 에너지 넘치는 소리를 들어,🥤효과적인 업무를 위해☕ STARBUCKS Soothing Jazz for work.", 스타벅스 매장음악 2022 ,뉴스
"얍 판 츠베덴, 서울시향 음악감독 취임...""협연자 임윤찬은 이미 세계적 피아니스트"" / YTN",  YTN ,뉴스
차가운 날씨에 겨울 감성 가득 | 악기 재즈 음악 | Relaxing Jazz on Snowy Day, Jazz Lab ,뉴스
"💖 활기찬 하루를 위한 잔잔한 재즈 음악, 더 나은 작업을 도와줍니다☕스타벅스 매장음악실시간 음악 🥤 매장음악 광고없는  週末の朝カフェBGM ☕ STARBUCKS Jazz.", 스타벅스 매장음악 2022 ,뉴스
임영웅 콘서트서 ‘나문희 사연’ 깜짝 공개…김재중 ‘사생택시’에 분노 [주간! 대중문화] / KBS  2024.01.24., KBS News ,뉴스
신나는음악 / 리믹스 / 이찬원 - 최진사댁 셋째 딸 #shorts, Typhoon Remix (타이푼 리믹스) ,뉴스
"봄이 오면 그리운 노래를 많이 선곡하고🌟😊💫 일하면서 음악도 들어보세요🌟😊💫무정부르스,슬픈 인연,그대그리고나, 너를 사랑하고도,사랑하기에,인생은 미완성,하얀나비", VieSoundwaves ,뉴스
유열의 음악앨범, YouTube 영화 2시간 2,뉴스
"𝑷𝒍𝒂𝒚𝒍𝒊𝒔𝒕 카페에서 집중력 높이는 BGM l  매장 음악, 카페 음악 l 1시간 듣기", Today's Playlist ,뉴스
[인생콘서트 2023] 밤눈 | KBS제주 231229방송, KBS제주 ,뉴스
내 인생의 계속되는 황금기 '골든걸스' [대케가수] / KBS 방송, KBS대전 [CULTURE&DOCUMENTARY] ,뉴스
"𝐏𝐥𝐚𝐲𝐥𝐢𝐬𝐭 비 오는 날 ☔ 필수 음악,흔하지 않은 음악까지  | 취향 저격", 𝐓𝐮𝐫𝐧𝐢𝐧𝐠𝐏𝐨𝐢𝐧𝐭 𝐌𝐮𝐬𝐢𝐜 ,뉴스
음악, YouTube 영화 1시간 11,뉴스
하루 종일 듣기 좋은 노래 🎶일할때 듣기좋은 발라드 추천 광고없는 노래모음🎵💖 김범수/ 임창정/ 박효신/성시경/ 백지영/ 더원/태연/박명수/에일리/찬열/ 펀치/ 다비치/로꼬/ 펀치, 발라드 명곡 ,뉴스
하루 종일 듣기 좋은 노래 🎶일할때 듣기좋은 발라드 추천 광고없는 노래모음🎵💖 김범수/ 임창정/ 박효신/성시경/ 백지영/ 더원/태연/박명수/에일리/찬열/ 펀치/ 다비치/로꼬/ 펀치, 발라드 명곡 ,뉴스
하루 종일 듣기 좋은 노래 🎶일할때 듣기좋은 발라드 추천 광고없는 노래모음🎵💖 김범수/ 임창정/ 박효신/성시경/ 백지영/ 더원/태연/박명수/에일리/찬열/ 펀치/ 다비치/로꼬/ 펀치, 발라드 명곡 ,뉴스
전유진의 트로트 끝장무대💥 [대케가수] / KBS 방송, KBS대전 [CULTURE&DOCUMENTARY] ,뉴스
하루 종일 듣기 좋은 노래 🎵💖일할때 듣기좋은 발라드 추천 광고없는 노래모음🎶 김범수/ 임창정/ 박효신/성시경/ 백지영/ 더원/태연/박명수/에일리/찬열/ 펀치/ 다비치/로꼬/ 펀치, 발라드 명곡 ,뉴스
"'자체 개발 칩' 넣은 삼성…글로벌 기업들 ""우리도 시작"" (자막뉴스) / SBS", SBS 뉴스 ,뉴스
"침실에서 듣는 힐링수면음악, 휴식음악, 편안한음악 'so sleepy'☁", 힐링앤뮤직 Healing and Music ,뉴스
하루 종일 듣기 좋은 노래 🎶일할때 듣기좋은 발라드 추천 광고없는 노래모음🍁 김범수/ 임창정/ 박효신/성시경/ 백지영/ 더원/태연/박명수/에일리/찬열/ 펀치/ 펀치/ 다비치/로꼬, 발라드 명곡 ,뉴스
하루 종일 듣기 좋은 노래 🎶일할때 듣기좋은 발라드 추천 광고없는 노래모음🍁 김범수/ 임창정/ 박효신/성시경/ 백지영/ 더원/태연/박명수/에일리/찬열/ 펀치/ 펀치/ 다비치/로꼬, 발라드 명곡 ,뉴스
[문화연예 플러스] 김범수 정규 9집 수록곡 '그대의 세계' 선공개 (2024.01.26/뉴스투데이/MBC), MBCNEWS ,뉴스
𝐏𝐥𝐚𝐲𝐥𝐢𝐬𝐭 2024년 너무나 많은 사랑받은 팝송 결산 Best Songs of 2024, 월광 Moonlight ,뉴스
[인생콘서트 2023] 한 번쯤 | KBS제주 231229방송, KBS제주 ,뉴스
"린, 국악 트로트 최초 도전…별사랑이 울컥한 이유는? | 이슈픽", MBN News ,뉴스
[Playlist] 잔잔한 노래 듣고 싶은데 케이팝은 포기 못해? 그럼 이거 들어 | K-POP 여돌 플레이리스트 매장음악 감성, 오뮤 ,뉴스
하루 종일 듣기 좋은 노래 🎶일할때 듣기좋은 발라드 추천 광고없는 노래모음🍁 김범수/ 임창정/ 박효신/성시경/ 백지영/ 더원/태연/박명수/에일리/찬열/ 펀치/ 펀치/ 다비치/로꼬, 발라드 명곡 ,뉴스
하루 종일 듣기 좋은 노래 🎶일할때 듣기좋은 발라드 추천 광고없는 노래모음🎵💖 김범수/ 임창정/ 박효신/성시경/ 백지영/ 더원/태연/박명수/에일리/찬열/ 펀치/ 다비치/로꼬/ 펀치, 발라드 명곡 ,뉴스
"뉴진스, '빌보드 위민 인 뮤직 어워즈' 올해의 그룹상 선정 / 연합뉴스 (Yonhapnews)", 연합뉴스 Yonhapnews ,뉴스
[문화연예 플러스] 뉴진스 '빌보드 위민 인 뮤직 어워즈' 수상 (2024.01.26/뉴스투데이/MBC), MBCNEWS ,뉴스
"뱃노래 - 왕기철, 국립전통예술중·고등학교 | 국악한마당 | KBS 240120", KBS전주 ,뉴스
서도민속놀이 '향두계놀이' - 국립전통예술중·고등학교 | 국악한마당  | KBS 240120, KBS전주 ,뉴스
[ PLAYLIST ] 겨울 노래 모음 ⛄️l 추운 날씨 따뜻한 음악과 함께하세요🩵, CASSETTE:D ,뉴스
"아이유 신곡, 1시간 만에 멜론 차트 정상…뮤직비디오 화제 / SBS / 굿모닝연예", SBS 뉴스 ,뉴스
공부하면서 듣기 좋은 음악 10시간, 아저씨의 음악채널 ,뉴스
[교차편집] 류원정 - 열아홉 순정 / KBS 방송, KBS대전 [CULTURE&DOCUMENTARY] ,뉴스
"한국 DJ 페기 구, BTS·블핑 이어 영국 '브릿 어워즈' 후보 올라  / 연합뉴스 (Yonhapnews)", 연합뉴스 Yonhapnews ,뉴스
백예슬 (Back Yeseul) - 너 없이도 잘 살더라 | 더 싱어[16회] / YTN2, YTN2 ,뉴스
[문화연예 플러스] '비의 랩소디' 등 추억의 인기곡 재조명 (2024.01.25/뉴스투데이/MBC), MBCNEWS ,뉴스
[인생콘서트 2023] 참새의 하루 | KBS제주 231229방송, KBS제주 ,뉴스
🏍️퀵뉴스501 | 현직 기자의 암 극복기  | 음악 뉴스 라이브 | 240124 수, KBS뉴스 전북 ,뉴스
"🥤빠른 음악이 필요한 카페사장님들을 위한 텐션업❗️재즈플리😆😆 l 𝘾𝘼𝙁𝙀&𝙅𝘼𝙕𝙕 l 카페재즈, 매장음악, 𝙋𝙤𝙨𝙞𝙩𝙞𝙫𝙚 𝙅𝙖𝙯𝙯 𝙋𝙞𝙖𝙣𝙤 𝙈𝙪𝙨𝙞𝙘 𝙛𝙤𝙧 𝘾𝙖𝙛𝙚", MONKEY BGM ,뉴스
5분후깊은잠에빠집니다::수면유도음악｜ 잠잘때듣는음악｜잠오는음악｜잘때듣는음악, 힐링뮤직 Healing _Music ,뉴스
"""최고의 재능과 함께해 영광"" 츠베덴호, 임윤찬과 함께 '거인의 첫발' 뗀다", 뉴스TVCHOSUN ,뉴스
"뉴진스, '빌보드 위민 인 뮤직 어워즈' 올해의 그룹상 / SBS / 굿모닝연예", SBS 뉴스 ,뉴스
백예슬 (Back Yeseul) – 나를 사랑했던 사람아 | 더 싱어[16회] / YTN2, YTN2 ,뉴스
"영화음악 베스트 차트 🌻🌻드라마 OST 역대 가장 인기 많았던 노래 베스트 100🌻들으면 눈물나는 발라드 명곡추천 ,김필,양파, 이승기,원티드,숙희,김범수,소울스타",  Deep Mood ,뉴스
"홍대광 라이브 (HONG DAE KWANG) | 잘됐으면 좋겠다, 답이 없었어, 바람의 언덕, 겨울바다, 스물다섯.. | 노래모음 | 더 싱어[반복재생] / YTN2", YTN2 ,뉴스
현아·용준형 '손깍지 사진' 공개…깜짝 열애 발표? 뮤비 장면?/ 연합뉴스 (Yonhapnews), 연합뉴스 Yonhapnews ,뉴스
"[문화연예 플러스] (여자)아이들, 신곡 '와이프' 선공개 (2024.01.22/뉴스투데이/MBC)", MBCNEWS ,뉴스
"다음 중 싸이세계 배경음악 누적판매량 1위를 기록한 노래는?[랭킹쇼, 오 나의 주식] #랭킹쇼 #토마토증권통", 토마토증권통 ,뉴스
"윤석열-한동훈 '화해 투샷'에 가려진 화재 피해..홍익표 ""재난 현장이 장식품이냐?""", 오마이TV ,뉴스
"김혜림 라이브 | 모래성, 화단, Pretender, All I Want for Christmas Is You, Blossom | 노래모음 | 더 싱어[반복재생] / YTN2", YTN2 ,뉴스
검찰 법카 돌려쓰기 실태② 검찰 ‘음악 동호회 회식’도 특경비로 부정 사용 - 뉴스타파, Newstapa ,뉴스
"[문화연예 플러스] 옥상달빛, 데뷔 14주년 신곡 '해피 엔딩' (2024.01.23/뉴스투데이/MBC)", MBCNEWS ,뉴스
"[아시안컵](현장직캠) 요르단 홈구장 같았던 경기장, 그런데 전반이 끝나자..!!", 엠빅뉴스 ,뉴스
"[ CAFE, Winter ] 게으름피우기 딱 좋은 잔잔함, 카페에서 듣는 잔잔한 플레이리스트 | 카페음악, 매장음악"," on, music ",뉴스
[𝐏𝐥𝐚𝐲𝐥𝐢𝐬𝐭] 사랑하는 사람과 같이 듣고 싶은 달달한 사랑 노래 💘| 라이브 모음 [반복재생], YTN2 ,뉴스
"최성욱(ACE) 라이브 |두근대고 내가슴은 파도처럼 출렁, 나랑 만나보지 않을래,U Can Stop,그런 사람 또 없습니다,습관처럼 | 노래모음 | 더 싱어[반복재생] / YTN2", YTN2 ,뉴스
뇌수술중 환자가 기타 연주를?…“깨어있어야 안전하게 수술” / KBS 2024.01.24., KBS News ,뉴스
【Playlist BGM】 Piano melody to help you focus on your sleep, somsongs ,뉴스
"길건 라이브 | 태양의 나라, 사랑은 그렇지, 난몰라, 고맙소, Ace | 노래모음 | 더 싱어[5회] / YTN2", YTN2 ,뉴스
진은숙 '클래식계 노벨상' 에른스트 폰 지멘스 음악상 수상 / 연합뉴스TV (YonhapnewsTV), 연합뉴스TV ,뉴스
'리우 카니발' 준비 한창…이게 바로 '찐 바이브'｜지금 이 장면, JTBC News ,뉴스
"발라드 명곡 💖 BEST TOP 100 베스트 발라드 모음 양파 🎶 지친 마음을 위로하는 노래 김필,김범수/ 임창정/ 박효신/성시경/ 백지영/ 더원/태연/박명수/에일리", Music for you ,뉴스
"카페에서 듣기 좋은 음악,힐링음악 cafe good music", 라이프뮤직 life music ,뉴스
00년생 카리나에게 시대유감이란? 서태지란?｜지금 이 장면, JTBC News ,뉴스
"길건 라이브 | 태양의 나라, 사랑은 그렇지, 난몰라, 고맙소, Ace | 노래모음 | 더 싱어[5회] / YTN2", YTN2 ,뉴스
"경찰, '음대 입시비리 의혹' 경희대 압수수색 / YTN",  YTN ,뉴스
Playlist | 분위기 넘치는 노래🎧 | 카페 음악 | 무료브금 | BGM🎹 |No copyright music, 김카도 ,뉴스
"장범준, NFT 티켓으로 암표 차단 #Shorts (MBC뉴스)", MBCNEWS ,뉴스
"BTS 멤버 사칭, 음원·정보 빼내…범행 동기는? [잇슈 연예]  / KBS  2024.01.25.", KBS News ,뉴스
[𝑷𝑳𝑨𝒀𝑳𝑰𝑺𝑻] 편하게 쉬면서 듣기 좋은 잔잔한 재즈, 베이퍼 ᴠᴀᴘᴏʀ ,뉴스
"아이브, 첫 영어 싱글곡 '올 나이트' 발표 / SBS / 굿모닝연예", SBS 뉴스 ,뉴스
#페이 선배님의 다른 노래 말고 #UNTOUCHABLEChallenge 💃괜찮아 괜찮아 밤밤밤바리💕함께해주셔서 감사해요🥰#ITZY #MIDZY#ITZY_UNTOUCHABLE, ITZY ,뉴스
"니엘 라이브 (NIEL) | I 이별하러 가는 길, Hypnotized, 궤도, Single Love, 오늘 | 노래모음 | 더 싱어[반복재생] / YTN2", YTN2 ,뉴스
"현아, 용준형과 공개열애 선언?...SNS 게시물 보니/ YTN star", YTN star ,뉴스
"백예슬 라이브|You Are My Everything,나를 사랑했던 사람아,혼자 사랑하고 미워해,너도 꼭 나만큼 아팠으면 좋겠어,너 없이도 잘 살더라|더 싱어[16회] / YTN2", YTN2 ,뉴스
"[임수민의 지금 이 사람] 김광석 28주기... 그를 노래하는 청춘들 그리고 학전 어게인 - 그룹 동물원 박기영, 가수 박학기 (1)｜KBS 240122 방송", KBS 1라디오 ,뉴스
[여자아이들] 선공개곡 'Wife' 🎧1분뮤비, 꿀재미슈 ,뉴스
"[1DAY 1KOREA: K-MOVIE] Ep.68 Reawaken your passion for music: ""The K-Pop Story”", Arirang TV ,뉴스
"공부 능력 UP 집중력 UP !!! 공부할 때 듣기 좋은 Ambient 플레이리스트 , Let's Study hard , study, calm", 뮤직 테라피 MUSIC THERAPHY ,뉴스
주제·노래 다 잡은 창작 뮤지컬 '일 테노레' / YTN,  YTN ,뉴스
"이정권 라이브 | 거꾸로 강을 거슬러 오르는 저 힘찬 연어들처럼,그대와 나의 밤,나는 무엇이든 되어, 그날 밤처럼 나와 춤춰줄래, 너에게 닿기를 | 더 싱어[반복재생] / YTN2", YTN2 ,뉴스
"[커튼콜202] 조승우는 주연상을 『 』에 바쳤다... 대학로 그 곳, 그 사람 l 가수 박학기, 배우 이황의 / 골라듣는 뉴스룸 / SBS", SBS 뉴스 ,뉴스
"[임수민의 지금 이 사람] 김광석 28주기... 그를 노래하는 청춘들 그리고 학전 어게인 - 그룹 동물원 박기영, 가수 박학기 (2)｜KBS 240123 방송", KBS 1라디오 ,뉴스
"박시환 라이브 (Park Sihwan) | 그땐 미처 알지 못했지(2023), 가만히 눈을 감고,단 한사람,사랑하지 않아서야,가득해 | 노래모음 | 더 싱어[반복재생] / YTN2", YTN2 ,뉴스
[출근길 인터뷰] 임영웅·아이유·장범준까지…'암표와의 전쟁' / 연합뉴스TV (YonhapnewsTV), 연합뉴스TV ,뉴스
"YG 신인 베이비몬스터, 데뷔곡으로 신기록 행진 [잇슈 연예] / KBS  2024.01.22.", KBS News ,뉴스
"[핫클릭] 전청조 ""옥중에서 책 써서 피해보상 하고 싶어"" 外 / 연합뉴스TV (YonhapnewsTV)", 연합뉴스TV ,뉴스
🏍️퀵뉴스501 | 내일까지 전북 곳곳 눈…정읍 20cm 넘게 쌓여 | 음악 뉴스 라이브 | 240123화, KBS뉴스 전북 ,뉴스
[CBS 뉴스] 청소년들을 순전한 예배자로 세우는 겨울 수련회들, CBS크리스천노컷뉴스 ,뉴스
"나문희 사연 읽어준 임영웅, 훈훈한 그들의 미담을 소개합니다｜지금 이 장면", JTBC News ,뉴스
[문화가 톡톡] 강원동계청소년올림픽과 함께하는 문화행사 / KBS  2024.01.25., KBS강원 ,뉴스
Seven - 정국ㅣCover by 음악하라가영 l 커버레터 l with 아웃오브오피스 #cover #coversong #bts #jungkook #seven, 음악하라가영 ,뉴스
"[문화연예 플러스] '아이브' 장원영에 패소한 유튜버, 항소장 제출 (2024.01.25/뉴스투데이/MBC)", MBCNEWS ,뉴스
"여야, 선거제 협상 표류…또 꼼수 위성정당 우려 [굿모닝 와이티엔] 다시보기 2024년 01월 21일  / YTN",  YTN ,뉴스
"모두의 예상을 깨버렸다? 전유진 vs 김다현, 결과는 | 이슈픽", MBN News ,뉴스
"""냉정하게"" 소신발언ㄷㄷ 임영웅 주제 파악 해봤습니다(임희윤 평론가, 채지영 박사 in 고양콘서트) #임영웅 #임영웅콘서트 #영웅시대 | 일큐육공 트렌드", 1q60 일큐육공 ,뉴스
"[문화연예 플러스] '1인 기획사 설립' 제니, 브랜드 평판 1위 (2024.01.22/뉴스투데이/MBC)", MBCNEWS ,뉴스
[TTerView] '트롯 맛집' 티조에 조정민이 떴다!, 뉴스TVCHOSUN ,뉴스
'우크라 포로65명 사망' 러 수송기 추락 미스터리...러vs우크라 진실공방, 서울신문  ,뉴스
[오늘 이 뉴스] 장어집·참치집서의 검찰 회식 영수증 본 시민단체 '화들짝' (2024.01.25/MBC뉴스), MBCNEWS ,뉴스
"엔시티 위시,""꿈을 현실로 이룰 'NCT'의 막내들""l NCT WISH, ""Youngest of NCT who will make their dreams come true"" [공항]", 디스패치 / Dispatch ,뉴스
"(여자)아이들, 선정성 논란 '와이프' 가사 수정 않기로 / SBS / 굿모닝연예", SBS 뉴스 ,뉴스
"군대간 BTS 뷔, 뮤비로 만나볼까…아이유 신곡 하루 만에 1500만뷰｜지금 이 장면", JTBC News ,뉴스
"현아·용준형, 공개 연애 시작…팬들 반응 엇갈려 / SBS / 굿모닝연예", SBS 뉴스 ,뉴스
🏍️퀵뉴스501 | 서해안 중심 모레까지 많은 눈…전북 상황은? | 음악 뉴스 라이브 | 240122월, KBS뉴스 전북 ,뉴스
"[문화연예 플러스] 김재중 '사생택시' 공개 저격‥""엄한 처벌 받아야"" (2024.01.24/뉴스투데이/MBC)", MBCNEWS ,뉴스
"""암표 없앤다""…장범준, 'NFT 티켓' 활용한 콘서트 개최 / SBS / 굿모닝연예", SBS 뉴스 ,뉴스
"밤하늘의 멜로디: 잠을 유도하는 음악 6시간, 불면증, 스트레스 완화", SleepingStation ,뉴스
일본의 '여성 천황' 탄생 가능할까...日이 열광하는 아이코 공주는 누구?, 서울신문 TheSeoulShinmun ,뉴스
"북한산 마약이 야쿠자, 삼합회, 마피아에게 '인기 최고'인 이유 [세계의 나쁜놈들 | 북한 마약 편 | 前국정원 채성준 교수] / 스브스뉴스 | 인덕션", 스브스뉴스 SUBUSUNEWS ,뉴스
‘K-웹툰 시대’ 넷플릭스 급 한국형 웹툰 플랫폼 지원 / KBS  2024.01.24., KBS News ,뉴스
"법원 ""'OS 탑재 강요' 구글 2천억대 과징금 부과는 정당"" / SBS", SBS 뉴스 ,뉴스
K팝·K드라마 이어 이제는 K웹툰 시대 [9시 뉴스] / KBS  2024.01.23., KBS News ,뉴스
'피프티피프티' 골든디스크 신인상 '비하인드 컷'｜지금 이 장면, JTBC News ,뉴스
"발라드 명곡 💖 BEST TOP 100 베스트 발라드 모음 양파 🎶 지친 마음을 위로하는 노래 김필,김범수/ 임창정/ 박효신/성시경/ 백지영/ 더원/태연/박명수/에일리", Music for you ,뉴스
전국노래자랑 연말결선 대상 받은 이주은양 노래 비결은?, 경남신문 TheKyungnamShinmun  ,뉴스
[인생콘서트 2023] 나비소녀 | KBS제주 231229방송, KBS제주 ,뉴스
[Playlist] 흘러가듯 편하게 듣기 좋은 케이팝 노래 모음 ➂, 김로라 ,뉴스
"형사가 왜 거기서 나와?""..딱 걸린 20대 '차털이범'#shorts#차량털이범", 서울신문  ,뉴스
[ #𝙿𝚕𝚊𝚢𝚕𝚒𝚜𝚝 ] 지금 나오는 #music playlist가 궁금하시다면 여기 👆 바로 위의 ▶ 버튼을 클릭해주세요  #팝송추천 #노래추천 #플레이리스트, Jeanne music 쟌느뮤직 ,뉴스
[Playlist] 차분해 지고 싶은 음악 모음 센터, MOOD CENTER 무드센터 ,뉴스
[ #𝙿𝚕𝚊𝚢𝚕𝚒𝚜𝚝 ] 지금 나오는 #music playlist가 궁금하시다면 여기 👆 바로 위의 ▶ 버튼을 클릭해주세요  #팝송추천 #노래추천 #플레이리스트, Jeanne music 쟌느뮤직 ,뉴스
"김소연 라이브 | Can we fly like a bird, 얼음요새, 바다야, 세레나데, 어른 | 노래모음 | 더 싱어[반복재생] / YTN2", YTN2 ,뉴스
오디션 출신 가수들의 레전드 라이브 모음🎤ㅣ더 싱어[반복재생], YTN2 ,뉴스
음악이 삶에 녹아든 놀라운 힘! 감동과 우아함의 3가지 좋은문구, 음악 은하수 Music Galaxy ,뉴스
"22년, 23년 그리고 24년에도 출국길에 깜찍한 브이✌🏻하는 러블리 #런쥔 #RENJUN #shorts", 디스패치 / Dispatch ,뉴스
[ #𝙿𝚕𝚊𝚢𝚕𝚒𝚜𝚝 ] 지금 나오는 #music playlist가 궁금하시다면 여기 👆 바로 위의 ▶ 버튼을 클릭해주세요.  #piano #readingmusic #플레이리스트, Jeanne music 쟌느뮤직 ,뉴스
인도로 '쾅'...'OO먹고 운전대 잡은 30대 #shorts, 서울신문  ,뉴스
"배기성 라이브 | 내 생에 봄날은, 멍하나, 오늘의 봄날, 로맨스를 만들어, 눈이 부시도록 너를 비춰줄게 | 노래모음 | 더 싱어[2회] / YTN2", YTN2 ,뉴스
"🏍️퀵뉴스501 | 나는 아름다운 나비, 지금은 잠시 움츠린 번데기일 뿐( feat.취업) | 음악 뉴스 라이브 | 240125 목", KBS뉴스 전북 ,뉴스
"최성욱(ACE) 라이브 |두근대고 내가슴은 파도처럼 출렁, 나랑 만나보지 않을래,U Can Stop,그런 사람 또 없습니다,습관처럼 | 노래모음 | 더 싱어[반복재생] / YTN2", YTN2 ,뉴스
'한'과 '흥'의 대결…린 vs 별사랑·두리 vs 마이진 - 김명준의 뉴스파이터, MBN News ,뉴스
6년 만의 한국어 공연…뮤지컬 '노트르담 드 파리' / SBS / 문화현장, SBS 뉴스 ,뉴스
[커튼콜] 관객 없어도 개런티 30만 원 챙겨줬던 소극장 '학전' 김민기 대표 #shorts, SBS 뉴스 ,뉴스
"숏폼, 뇌의 빈틈을 파고든다 .. 탈출구 없을까? (이슈라이브) / SBS", SBS 뉴스 ,뉴스
나체로 난동부린 남성 체포해보니...#shorts, 서울신문  ,뉴스
"힐링 소리, 자연의 소리, 물소리, 잠 안 올 때 듣는 소리, 파도 소리,  백색소음, 힐링음악, 수면음악, 잠안올때 듣는 음악, 수면유도음악, 불면증음악", 그대로 힐링 ,뉴스
"숲속 카페에서 공부하며 듣기좋은  음악 🎵 스트레스 해소음악, 집중할때 듣는 음악, 치료 음악, 공부할때 듣기 좋은 음악,짝사랑 음악, 그리운 음악 (heling forest)", 힐링후르츠 뮤직 Healing Fruit Music ,뉴스
Rompi Penyelamat Untuk Lansia, Roip ,뉴스
OS LIFE HACKS MAIS BURROS DA INTERNET, Rewtor ,뉴스
