titles,category
Imagine Dragons   Natural,nature
Norway  K   Scenic Relaxation Film with Peaceful Relaxing Music and Nature Video Ultra HD,nature
아름다운 자연 비디오로 편안한 음악   스트레스  불안 및 우울증 감소   영혼 치유,nature
자연에서 영감을 받은 클래식 음악,nature
Switzerland  AMAZING Beautiful Nature with Soothing Relaxing Music   k Ultra HD by Tim Janis,nature
Imagine Dragons   Natural  Lyrics ,nature
부드러운 음악  신경계를 진정시키고 영혼을 기쁘게합니다   심장과 혈관을위한 치료 음악,nature
숲속 오솔길의 빗소리를 듣고  마음을 편안하게 하고  초조함을 줄이고  깊이 잠들다,nature
속지마라  한 번 배신한 자는 또 배신한다    이상로의 아침뉴스 브리핑            ,nature
Iranian nomadic life  eating hearty food in the residence,nature
Imagine Dragons   Natural  Lyrics ,nature
Majestic nature sounds in the morning  birds chirping  babbling brook,nature
아름답고 편안한 음악   평화로운 피아노 음악 및 기타 음악   Peder B  Helland 의 Sunny Mornings,nature
  Hours of Amazing Nature Scenery   Relaxing Music for Stress Relief ,nature
NATURE  네이처     RICA RICA  MV,nature
BAD OMENS x POPPY   V A N  Official Music Video ,nature
Female Chameleon Erupts with Color Before Death,nature
How Forest Elephants Warn Predators,nature
 H A Beautiful Day in Nature,nature
하와이 식물원   정글 포레스트 시네마틱 가상 산책 슬로우 모션 ,nature
SWITZERLAND    K Relaxation Film  Winter to Spring   Relaxing Music   Nature  k Video UltraHD,nature
A beautiful documentary in rainy nature  the nomadic lifestyle of grandmother and Arad,nature
NATURE 네이처   LIMBO   넘어와   M V  Performance Ver  ,nature
The Alps  AMAZING Beautiful Nature with Soothing Relaxing Music   k Ultra HD by Tim Janis,nature
Alaska  K Amazing Nature Film   Peaceful Piano Music   Travel Nature,nature
Nature Relaxation Film  K   Beautiful Relaxing Peaceful Music   Video Ultra HD,nature
HEAVY RAIN on Roof for Deep Sleep   Insomnia Relief   Night Thunderstorm for Insomnia  Study  ASMR,nature
Alone with Nature   Deep Chill Music Mix,nature
  Hours of Birds Singing on the Lakeshore and Water Sounds   Relaxing Nature Sounds   Mount Shuksan,nature
  HOUR  K DRONE FILM   Earth from Above    Music by Nature Relaxation   Ambient AppleTV Style ,nature
   HOURS Stunning  K Underwater footage   Music   Nature Relaxation  Rare   Colorful Sea Life Video,nature
Nature Relaxation Film  K   Peaceful Relaxing Music   Nature  k Video UltraHD,nature
모리셔스  K  아름다운 자연 장면과 편안한 음악   K 비디오 UHD,nature
독일  K  아름다운 자연 경관과 편안한 음악   놀라운 자연,nature
Rain Sounds For Sleeping       Instantly Fall Asleep With Rain And Thunder Sound At Night,nature
POV Nature Photography   Golden Winter Morning,nature
Bulldog LD Knows That Nature Is Not For The Weak,nature
Female Chameleon Erupts with Color Before Death,nature
Cryptic Nature Preview   Look Mommy  Can I Keep It ,nature
Scotland  K   Scenic Relaxation Film With Inspiring Cinematic Music and Nature    K Video Ultra HD,nature
Relaxing Celtic Music Contemplative Beautiful Music for Deep Relaxation with Nature Images,nature
The Lightning Strike Survivor s SHOCKING TRANSFORMATION   Botched By Nature   E ,nature
My Reaction to Eligio  Nature Boy  Bishop Court Hearing  Wives Were Acting Up in Court,nature
아제르바이잔의 자연 속에서 산음식을 요리하다  마을 생활에 관한 편안한 비디오,nature
How Forest Elephants Warn Predators,nature
Eligio  Nature Boy  Bishop Interview  In Court Today    Year Plea Offer Not Accepted,nature
How Far Can The Nature Team Go   ,nature
   Hour Relaxing Birdsong    Nightingale Singing   Pure Nature  Stress Relief  Magical Nature,nature
QUIET TIME WITH GOD   Instrumental Worship   Scriptures with Nature   Piano Praise,nature
Nature   ,nature
NATURE 네이처     LIMBO   넘어와   M V,nature
EARTH  K   Relaxation Film   Peaceful Relaxing Music   Nature  k Video UltraHD    OUR PLANET,nature
 NATURE   Girls  Comeback Stage   M COUNTDOWN        EP    ,nature
Michael Jackson   Human Nature  Audio ,nature
Two Hours of  K Nature Scenes    KUHD   BBC Earth,nature
Nature Relaxation Film  K   Beautiful Relaxing Peaceful Music   Video Ultra HD,nature
FOREST  K   American Nature Relaxation Film   Peaceful Relaxing Music    k Video UltraHD,nature
Michael Jackson   Human Nature  Official Audio ,nature
NATURE  네이처    OOPSIE  My Bad  MV,nature
Norway AMAZING   Horizon View bath with Beautiful nature    k VideoHD,nature
NATURE  LIMBO   Lyrics  네이처 림보 가사 ,nature
Countries Flags In Nature    PT  ,nature
Forest  K   Nature Relaxation Film   Peaceful Relaxing Music    k Video UltraHD,nature
Morning Nature   Relaxation Film   Peaceful Relaxing Music    k Video UltraHD,nature
Relaxing Meadow with Ambient Nature Sounds  Wildflowers  and Mountain View     Hours,nature
긴장 이완 자연의 소리   학습   수면   명상   물 소리   새 노래,nature
Adele   Strangers By Nature  Official Lyric Video ,nature
NATURE 네이처   어린애  Girls   M V,nature
No words can describe Switzerland   ,nature
The Nomadic Family s Life in the Rainy Nature,nature
Beautiful Nature   Inspur Fresh Fruit wonderful video of Industry      ,nature
   HOURS Stunning  K Underwater footage   Music    Tahiti Reef Relaxation   Ambient Nature Film,nature
 릴레이댄스  네이처 NATURE    LIMBO   넘어와    K ,nature
Rules of Nature,nature
Metal Gear Rising  Revengeance OST   Rules of Nature Extended,nature
People Vs Nature Fails   Crazy Weather Caught on Camera,nature
Which Picture Gives You The Vibe  part    aesthetic  vibes  road  nature  posh  city  village,nature
Max Richter   On the Nature of Daylight,nature
Human Nature   White Christmas,nature
LIMBO    NATURE  Music Bank    KBS WORLD TV       ,nature
Most beautiful villages in Switzerland    switzerland  lauterbrunnen  nature  waterfall  travel,nature
SWV   Right Here  Human Nature Radio Mix   Official Video ,nature
Singuila   Ma Nature,nature
 hours Magnificent Mountains and Nature  K   No Ads in the Middle ,nature
The Nature   AKARARA  Official video ,nature
One in a Billion Moments in Nature,nature
사우스 폴스의 자연 소리와 함께 오레곤 공원의 포레스트 워크,nature
Wonderland  K   Scenic Relaxation Film with Peaceful Relaxing Music and Winter Nature Video Ultra HD,nature
 K Campfire by the River   Relaxing Fireplace   Nature Sounds   Robin Birdsong    UHD Video       p,nature
FLYING OVER CANADA   K UHD    Relaxing Music With Stunning Beautiful Nature   K Video Ultra HD ,nature
Max Richter   On The Nature Of Daylight  Entropy ,nature
Max Richter   Richter  On The Nature Of Daylight,nature
 K Deep Forest     Hours NO LOOP Birdsong   Robin   Blackbird Singing   Relaxing Nature Ambiance,nature
Human Nature   Runaround Sue,nature
Madonna   Human Nature  Official Video ,nature
Kari Jobe   Your Nature  Live At The Belonging Co  Nashville  TN      ,nature
France AMAZING Beautiful Nature with Soothing Relaxing Music   k Ultra HD by Tim Janis,nature
wildlife photography  photography  wildlifephotographer  nature  wildlifephotography  photographer,nature
 MV  IU 아이유  Kang Seungwon 강승원    Mother Nature  H O ,nature
People vs  Nature   Crazy Outdoor Fails,nature
자연 소리  숲 음악  수면 음악  명상 음악으로 편안한 음악,nature
Sound of FOREST  Crickets  Cicadas  Insects     h NATURE SOUND FOR SLEEP  MEDITATION    FOCUS   ,nature
Sean   Nature  Official Music Video ,nature
Nature by Numbers,nature
Nature Boy,nature
TOP    NATURE SONGS TAMIL   tamilshorts  nature  trending  tamilcinema,nature
Naughty by Nature   O P P   Official Music Video ,nature
Untold  Greatest Natural Wonders Around The World   Uncut Documentary  K,nature
Mother Nature s Son  Remastered      ,nature
FoodPorn at it s best   Enjoy  shorts  menwiththepot  cooking  forest  fire  food   nature  outdoors,nature
Derek Hough   Natural,nature
Bird Songs     HOURS of Birds Singing in the Forest   Nature Relaxation Video in  K Ultra HD,nature
Naughty By Nature   O P P   Official Music Video   HD ,nature
BBC Earth    Top Natural History Moments        ,nature
Morning Relaxing Music   Nature Relaxation Film  K   Peaceful Relaxing Music   Video UltraHD,nature
Winter    K Nature Relaxation Film   Peaceful Relaxing Music   Video UltraHD,nature
Forest  K   European Nature Relaxation Film   Peaceful Relaxing Music    k Video UltraHD,nature
  Wildlife   K UHD          Relaxing Music With Beautiful Nature   Animals Videos  K Video Ultra HD ,nature
The HU   Mother Nature ft  LP  Official Music Video ,nature
Squirrel and Bird Watching     hours Nature Fun for Cats   Dogs   Humans Alike    K HDR ,nature
Human Nature   Be My Baby  Official Video ,nature
People VS Mother Nature,nature
NATURE 네이처   꿈꿨어 Dream About U   M V,nature
INDIA  K   Nature Relaxation Film   Peaceful Relaxing Music    k Video UltraHD,nature
The Guess Who   No Sugar Tonight   New Mother Nature  Audio ,nature
I Love Nature   Doggyland Kids Songs   Nursery Rhymes by Snoop Dogg,nature
The Flood  Full Episode    SPECIAL,nature
Metal Gear Rising   Rules of Nature  EPIC METAL COVER   Little V ,nature
Human Nature   Let it Snow  Let it Snow  Let it Snow ft  Delta Goodrem,nature
The Science Behind the Unproblematic Nature of the Capybara,nature
The Most Beautiful Places in China       china  travel  explore  nature  adventure,nature
Nature Is Speaking   Julia Roberts is Mother Nature   Conservation International  CI ,nature
Michael Jackson   Human Nature  Official Music Video ,nature
Colorful Birds in  K   Planet Earth  K   Beautiful Bird Sounds Nature Relaxation  K UHD    FPS,nature
nature scares me,nature
Redwood Forest Soundscape    K virtual forest walk   relaxing nature sounds   background ambience  ,nature
FLYING OVER AUSTRALIA   K UHD    Relaxing Music With Beautiful Nature Scenery For Stress Relief,nature
Forest In  K   The Healing Power Of Nature Sounds   Forest Sounds   Scenic Relaxation Film,nature
Human Nature   Eternal Flame  Video Version ,nature
이완 효과가 있는 플루트 음악  스트레스 해소를 위한 음악  이완 효과가 있는 음악  명상 음악  부드러운 음악       C,nature
  Hours of Beautiful Birds  No Music   K Nature Relaxation    Washington State,nature
Studio Ghibli Nature Loop   Studio Ghibli   Max,nature
FLYING OVER CANADA   K UHD    Relaxing Music With Stunning Beautiful Nature   K Video Ultra HD ,nature
The Nature Song for Children   Fun Kids English,nature
NATURE 네이처   내가 좀 예뻐 I m So Pretty   M V  Performance Ver  ,nature
BBC Earth    Top Natural History Moments        ,nature
DESTRUCTIVE Mother Nature Moments Caught On Camera        TOP Scary Natural Disasters,nature
Discovering the Secrets of Living in Balance with Nature in Nepal  Nepali Mountain Life    IamSuman,nature
MC Xander   Higher Nature   Live Looping Jungle,nature
Discover the    Greatest Natural Wonders of the Planet Earth  World Travel Video Guide in        K ,nature
Steely Dan   Two Against Nature  Sony Studios NYC      ,nature
Naughty By Nature   Everything s Gonna Be Alright  Official Music Video ,nature
Zardun   A sanctuary in nature,nature
Beautiful Nature Scenery Relaxing Peaceful Soothing Music   Bird Sounds  Water Sound  Sleep Music,nature
Ocean Stories   Full Series   Free Documentary Nature,nature
NEPAL K   Scenic Relaxation Film with Peaceful Relaxing Music and Nature Video Ultra HD,nature
일본 비행   K UHD  편안한 음악과 함께 놀라운 아름다운 자연 경치    K 비디오 울트라 HD,nature
Switzerland  K   Swiss Relaxation Film with Peaceful Relaxing Music and Nature Video Ultra HD,nature
Zen Meditation Music  Nature Sounds  Relaxing Music  Calming Music  Healing Music,nature
Our Planet   Forests   FULL EPISODE   Netflix,nature
   Shocking Natural Disasters Caught On Camera,nature
캐리비안  K  아름다운 자연 비디오와 함께 편안한 음악    K 비디오 울트라 HD,nature
Sweden  K   Relaxing Music Along With Beautiful Nature Videos  K Video Ultra,nature
Imagine Dragons   Natural  Jimmy Kimmel Live  Performance ,nature
Spiciest Nature s Cereal     shorts,nature
SWITZERLAND    K Relaxation Film   Peaceful Relaxing Music   Nature  K Video UltraHD,nature
THE LAWS OF HUMAN NATURE  understanding this will change your life    Robert Greene  book summary,nature
One Year in the Woods   A Journey Through the Seasons   Free Documentary Nature,nature
SOUNDS OF NATURE From A Voice    Got Talent Romania        Got Talent Global,nature
Forest River Nature Sounds Gentle Stream Sleeping Sound Natural Calming Meditation Birdsong Ambience,nature
Juma Nature x Inspector Haroun    Mzee Wa Busara Remix    Official Music Video ,nature
Relaxing Music with Nature Sounds   Waterfall HD,nature
Bangladesh In  K   Land of Natural Beauty   Scenic Relaxation Film,nature
Nature    Chocolaty Colour Hai Yaar Tere Ka    Kabira Ft Nj Nindaniya   Haryanvi Song     ,nature
NATURE 네이처   꿈꿨어 Dream About U   M V  Performance Ver  ,nature
Cooking with ONLY Natural Kitchenware  The Food Has a Natural Fragrance ,nature
String Theory Explained   What is The True Nature of Reality ,nature
Treasure of the Caribbean   Full Episode   NATURE   PBS,nature
FLYING OVER THE USA   K UHD    Relaxing Music With Stunning Beautiful Nature   K Video Ultra HD ,nature
wish whatsapp status video nature   k status  naturelovers  viral  naturelovers  video  shortviral,nature
Virtual Nature        Nature Meditation for VR Quest,nature
Relaxing Ambient Music    hz Nature Sounds  Binaural Beats  Theta Waves Meditation Music,nature
Exploring Human Nature with Robert Greene and Ryan Holiday,nature
When We Feel Young  Nature Tapes ,nature
Justin Bieber   Changes  Nature Visual ,nature
Wild Life   Nature Documentary Full HD     p,nature
Natural Habitat Shorts Compilation Part  ,nature
Best of Dolby Vision   K HDR    fps,nature
Nature Sounds   Birds Singing Without Music     Hour Bird Sounds Relaxation  Soothing Nature Sounds,nature
Breathtaking Beautiful Birds   Pure Nature   Stress Relief   Relaxing Birds Sounds   Magical Nature,nature
Ocean Sounds and Forest Nature Sound  Meditation  Sleep,nature
Learning About Nature On A Hike With Blippi   Educational Videos For Kids,nature
The Breathtaking Beauty of Nature   HD,nature
Top   Most Dangerous Natural Disasters  shorts  Crazy  ,nature
FLYING OVER CANADA   K UHD    Relaxing Music Along With Beautiful Nature Videos    K Video HD,nature
waste paint     Nature Beauty   acrylic paint   LIFE IN ART,nature
The Gorgeous Wildlife of the Mediterranean   Free Documentary Nature,nature
Nature Dance                 TatianaBlue ,nature
이게 뭐가 중독이야   띵띵띵땅땅  땅  땅땅땅땅   ADIADIADIchallenge  아디아디아디챌린지  네이처  NATURE  fyp,nature
Beautiful Nature with Rural Life  P      Rural fruit,nature
Natural Disasters for Kids   Learn about tornados  hurricanes  and more ,nature
   HOURS of  K Enchanting Autumn Nature Scenes   Relaxing Piano Music for Stress Relief,nature
the   elements of nature  shorts  nature  earth  fire  water  air,nature
FLYING OVER AUSTRALIA   K UHD    Relaxing Music With Beautiful Nature Scenery For Stress Relief,nature
Beautiful Nature with Rural Life  P      Fresh fruit picking,nature
Germany   Relaxation Film   Peaceful Relaxing Music   Nature  k Video UltraHD,nature
Justin Bieber   E T A   Nature Visual ,nature
Enjoy beautiful nature with rural life     ,nature
   Scary NATURAL DISASTERS Caught On Camera,nature
Explore Outdoors with Elmo   Friends  Sesame Street Nature Compilation,nature
편안한 선 음악       대나무  편안한 음악  명상 음악  평화로운 음악  자연 사운드,nature
Nature Walk in Thunderstorm  Binaural Rain on Umbrella Sounds for Sleep and Study  ASMR,nature
LIMBO LIMBOLIM  네이처  NATURE  LIMBO  LIMBOchallenge  네이처럼  림보챌린지  로하  오로라  새봄  유채  채빈  하루  감독님  소희,nature
Peaceful River Flowing Sound  Gentle River  Relaxing Nature Sounds  White Noise for Sleep  Study ,nature
The most beautiful places in canada     nature  explore  adventure  shorts  fyp  relaxing,nature
Should We Let Nature Finally Delete Pandas ,nature
Talk about a massive gulp   humpbackwhale  nature  ocean,nature
The Most Colorful Birds in the World   Breathtaking Nature   Wonderful Birds Songs   Stress Relief,nature
Switzerland   Swiss Alps Train Rides   Relaxation Film   Relaxing Music   Nature  k Video UltraHD,nature
Naughty by Nature   Feel Me Flow  Music Video ,nature
AMAZON Wildlife  K   Rainforest Relaxation Film   Nature Video UltraHD,nature
One Hour Of Your Favourite BBC Earth Moments   BBC Earth,nature
Epic Moments When Nature Stops Football Match     ,nature
Yemen  The Natural Beauty Of The Most Dangerous Country    K Documentary   Miracles Of Nature,nature
Nature   Video   Kabira Ft  Nj Nindaniya  Haryanavi Song   Nu Te Chocolatey Colour hai yaar tere ka,nature
AFRICA  K   Breathtaking Wildlife  Tribal Music   Relaxation Film   Nature  k Video UltraHD,nature
GM Relaxation   Music  shorts  nature  status youtube com  gmrelaxation music,nature
Birds chirping in the forest  babbling brook  nature sounds  creek sounds  forest ambience  ASMR,nature
FLYING OVER HAWAII   K UHD    Relaxing Music Along With Beautiful Nature Videos  K Video Ultra HD ,nature
Prayer Instrumental Music with Scriptures   Nature        DappyTKeys Piano Worship,nature
Enjoy Beautiful Nature Life           shortvideo    hadhik afa  ,nature
Enjoy beautiful nature with rural life      ,nature
TikTok Women EXPOSE Their TWISTED Female Nature ,nature
St ubifall  Switzerland  K   The Most Amazing Waterfall on The Earth   Relaxing Nature Sounds,nature
 K Virtual Hike through Canadian Forest  with Nature Sounds    Incredible Nature of British Columbia,nature
Nature And Wildlife Video   Bird and animal is beautiful creature on our planet,nature
아침 새 노래와 강물 소리와 함께 하루의 가장 좋은 시작   시간 ,nature
Breathtaking Colors of Nature in  K III  Beautiful Nature   Sleep Relax Music  K UHD TV Screensaver,nature
nature   hour,nature
If TF  was a Nature Documentary,nature
Amazing Colors of Nature in  K HDR   fps   Tropical Animals and Relaxing Music,nature
Beautiful nature life FN      amazingly delicious lychee fruit  nature  shorts,nature
Beautiful Sunrise   The Flowers   NO COPYRIGHT VIDEO   NATURE,nature
야생 조류   k    fps  울트라 HD  자연 사운드와 함께  화려하게 역동적 ,nature
Nature Walk Song   CoComelon Nursery Rhymes   Kids Songs,nature
Wild Kratts   Why We Love Nature and Wild Animals,nature
Let s Explore Nature    African Kids Songs   OmoBerry,nature
The world is poorly designed  But copying nature helps ,nature
FLYING OVER SWITZERLAND   K UHD    Relaxing Music   Amazing Beautiful Nature Scenery For Stress,nature
Janax Pacha   Into My Nature  Live Set in the Jungle   Tulum   Folktronica   Organica ,nature
Peppa Learns About Nature        PeppaPigOfficial,nature
Cobra VS Mongoose   Love Nature,nature
Lakeside Campfire with Relaxing Nature Night Sounds  HD ,nature
Nature Walk   More Nursery Rhymes   Kids Songs   CoComelon,nature
Madagascar  A Country Full Of Breathtaking Nature   Somewhere On Earth,nature
Most beautiful places in Russia  travel  explore  adventure  nature,nature
Wild Congo   Part    River of Monsters   Free Documentary Nature,nature
The view      sunset   nature   hills  shorts  aesthetic  songs  scenery,nature
BAD OMENS x POPPY   V A N  Official Music Video ,nature
AMAZING NATURE SOUNDS BY HUMAN VOICE by SNOW RAVEN  SUOR ,nature
Beautiful Nature with Rural Life  P       Summer delicious fruit,nature
When Cats Break the Rules of Nature,nature
The day of Guava with yummy recipies   from my home garden  Poorna   The nature girl,nature
Making Another Nature Cake   cake  shorts  baking,nature
Natural Phenomena That Seem to Break the Laws of Nature,nature
instagram vs  reality  part     shorts  travel  adventure  tiktok  instagramvsreality  viral  nature,nature
Beautiful Nature with Rural Life  P      Eating fruit at the farm,nature
FLYING OVER BALI   K UHD    Relaxing Music With Amazing Beautiful Nature Scenery For Stress Relief,nature
Sons de la Nature pour Dormir  Relaxation  Travailler  se Concentrer   Bruits Nature For t Oiseaux,nature
FLYING OVER PHILIPPINES   K UHD    Relaxing Music Along With Beautiful Nature Videos    K Video HD,nature
   Minutes of DESTRUCTIVE Mother Nature Moments Caught On Camera ,nature
Flowers  K Nature Relaxation Film   Meditation Relaxing Music,nature
Nature Status in India     nature  shorts,nature
Instant Calm  Beautiful Relaxing Sleep Music  Dream Music  Nature Energy Healing  Quiet Ocean     ,nature
Beautiful Nature with Rural Life  P      Fresh fruit at home,nature
Peppa Pig Full Episodes   Nature Trail   Cartoons for Children,nature
Cascadia   A Place Where Giants Roam   Free Documentary Nature,nature
The Case Of The  Troubled Twin  FULL TRANSFORMATION   Botched By Nature   E ,nature
Lula Kebab   Traditional Azerbaijani Dish  Cooking on Nature,nature
FLYING OVER THAILAND   K Video UHD    Soothing Music With Beautiful Nature Scenery For Stress Relief,nature
Mother Nature Takeover Moments ,nature
Calm Mountain River flowing in Elk Valley  k  Relaxing River Sounds  Nature White Noise     Hours ,nature
   Times Mother Nature Got Angry on Camera,nature
숲속 오솔길의 빗소리를 듣고  마음을 편안하게 하고  초조함을 줄이고  깊이 잠들다,nature
Snowfall in The Lofoten Islands  Norway  Nature Sounds for Sleep  Hamn y and Reine    K,nature
Beautiful Nature with Rural Life  P      A beautiful day,nature
Delicious sweets from my father s banana harvest   Poorna   The nature girl,nature
FLYING OVER SWITZERLAND   K UHD    Relaxing Music With Amazing Natural Film For Stress Relief,nature
Uncharted   The Beautiful World of the Amazon   Free Documentary Nature,nature
Places that don t feel real in India  travel  explore  adventure  nature,nature
Caribbean  k   Relaxing Music Along With Beautiful Nature Videos    K Video Ultra HD,nature
Nature Sounds of a Forest River for Relaxing Natural meditation music of a Waterfall   Bird Sounds,nature
Why does nature prefer hexagons       ,nature
Japan  K   Relaxing Music Along With Beautiful Nature Videos,nature
Enjoy beautiful nature with rural life     ,nature
Wildlife and Nature of the Baltic Sea   Extra Long Documentary,nature
CGI  D Animated Short   Course Of Nature    by Lucy Xue   Paisley Manga   Ringling   TheCGBros,nature
Mysteries of the Twilight Zone   Worlds of the Deep,nature
Enjoy beautiful nature with rural life     ,nature
BEAUTIFUL BIRDSONG DEEP IN THE FOREST  RELAXING NATURE SOUNDS  SINGING NIGHTINGALE,nature
Enjoy beautiful nature with rural life      ,nature
 CURSED  Mother Nature Photos      ,nature
Beautiful Flowers   Planet Earth Amazing Nature Scenery   The Best Relax Music     HOURS,nature
FLYING OVER SWITZERLAND   K Video UHD    Relaxing Music With Beautiful Nature Film For Stress Relief,nature
NORWAY   K HDR    fps   Beautiful Nature   Dolby Vision,nature
보츠와나의 야생동물    K 다큐멘터리 영화,nature
FLYING OVER THAILAND   K Video UHD    Relaxing Music With Beautiful Nature Scenery For Stress Relief,nature
widlife photography        nature  wildlifephotography  wildlife  wildlifephotos  photography,nature
NATURE S LAXATIVE  Natural remedy for constipation that works  ,nature
Enjoy beautiful nature with rural life     ,nature
황량한 숲에 생존 쉼터 건설   천연 허브로 만든 캠프 음식,nature
David Attenborough s Miracle Plant Took     Years To Grow   Nature Bites,nature
TROLLGE   NATURE S CORRUPTION INCIDENT THE MOVIE,nature
nature status   with song    shorts  nature  status,nature
전 세계 동물    K    fps  울트라 HD  자연 사운드와 함께  다채롭게 역동적 ,nature
A life in Jungle      beauty  makeup  jungle  life  nature,nature
Emperor Penguins Huddle for Warmth   Nature on PBS,nature
   Abnormally Large Animals That Really Exist,nature
Beautiful nature status video    Beautiful cat status video  shortshorts  youtubeshorts  nature   m,nature
Musique Douce  Relaxante  Calme   Nature Relaxation,nature
Most beautiful places in USA  travel  explore  adventure  nature,nature
Tropical Island Walk   Ocean Beach Nature   Motu Tane   Bora Bora  French Polynesia       K Travel,nature
SNOW   Winter Relaxation Film  K   Peaceful Relaxing Music   Nature  k Video UltraHD,nature
 K   Hours Mountain Snow Nature Sounds for Sleep and Study  Twin Lakes  Colorado ASMR,nature
Mongolia  K Relaxation Film   Silk Road   Peaceful Relaxing Music   Nature  k Video UltraHD,nature
One in A BILLION Moments in Nature,nature
 K Nature Cinematography   Cinematic Background Music NO COPYRIGHT     NIKON D    ,nature
NATURE  네이처    THE  rd MINI ALBUM  NATURE WORLD   CODE W  Highlight Medley,nature
Do ada Somon Wellington       Salmon Wellington in Nature,nature
My Tomato Harvest Became a Delicious Traditional Dish for the New Year    Poorna   The nature girl,nature
Damn Nature You Scary   Funny Scary Animal Encounters,nature
Ben and Holly s Little Kingdom   Miss Cookie s Nature Trail   Cartoon for Kids,nature
Feel The Music Nature Video Status Instagram Reels Nature Whatsapp Status  shorts,nature
El Gamma s Touching Tribute To Mother Nature   Asia s Got Talent Grand Final  ,nature
Realistic Flags  Flags In Nature    Fun With Flags,nature
The Most Beautiful Places in China       china  travel  explore  nature,nature
Beautiful Nature with Rural Life  P      Picking fruit in the garden,nature
New Zealand  Nature   Culture,nature
The incredible ibex defies gravity and climbs a dam   Forces of Nature with Brian Cox   BBC,nature
A buddy who cures hearts   Gambooge   Poorna   The nature girl  ,nature
Making a Nature Cake    VLOGTOBER DAY     shorts  shorts  ,nature
Zen Meditation Music  Nature Sounds  Relaxing Music  Calming Music  Healing Music,nature
Our Wonderful Nature   CGI short film by Tomer Eshed,nature
Flying Over Italy   K UHD    아름다운 자연 경관으로 진정되는 음악 휴식을위한 영화,nature
Heavy Thunderstorm Sounds   Relaxing Rain  Thunder   Lightning Ambience for Sleep   HD Nature Video,nature
트로피컬 앰비언스   열대 우림에서 지저귀는 이국적인 새들   자연의 소리    K UHD,nature
Feel the Vibe      Nature video status   Instagram reels   Nature whats app status   cinematic  ,nature
Our Planet   Fresh Water   FULL EPISODE   Netflix,nature
아침 새 노래와 강물 소리와 함께 하루의 가장 좋은 시작   시간 ,nature
Walk in Heavy Rain and Thunderstorms in Rural Indonesia   ASMR  Nature Sounds for Sleep,nature
    Year Old Abandoned Village House   Bread making in chipped stone   Primitive water mill,nature
Justin Bieber   Available  Nature Visual ,nature
Justin Bieber   Habitual  Nature Visual ,nature
Beautiful Nature with Rural Life  P       The apricots are very beautiful and fresh,nature
Damn Nature You Scary   Funny Scary Animal Encounters,nature
전설적인 동물   k    fps  울트라 HD  자연 사운드와 함께  다채롭게 역동적 ,nature
FLYING OVER HAWAII   K UHD    Relaxing Music Along With Beautiful Nature Videos    K Video HD,nature
Relaxing Nature Ambience Meditation GOOD MORNING SPRING NATURE THERAPY Flowery MEADOW Healing Sounds,nature
Enchanted Forest Music      Hour Ambience Music   Nature Sounds  Relax  Deep Sleep  Healing,nature
AUSTRIA   Relaxation Film  K   Peaceful Relaxing Music   Nature  k Video UltraHD,nature
Social Media Expectations vs Reality Part      travel  explore  nature  fyp  shorts  adventure,nature
Relaxing Music with Beautiful Nature   Peaceful Piano   Guitar Music by Soothing Relaxation,nature
Three toed Sloth  The Slowest Mammal On Earth   Nature on PBS,nature
The Ocean  K   Relaxation Film   Peaceful Relaxing Music    k Video UltraHD,nature
 K HDR Bluebell Woods   English Forest   Birds Singing   No Loop   Relaxing Nature Video   Sounds,nature
Why Do Pandas Suck At Surviving ,nature
헌터 동물   k    fps  울트라 HD  자연 사운드와 함께  다채로운 역동적 ,nature
The most beautiful places in Germany   viral  nature  travellife  germany  shorts,nature
Costa Rica   Forest  K Relaxation Film   Peaceful Relaxing Music   Nature  k Video UltraHD,nature
Beautiful nature status video   Beautiful cat status video     nature  beautifulnatur  youtubeshorts,nature
Australia Documentary  K   Outback Wildlife   Original Nature Documentary   Deserts and Grasslands,nature
Big Tornado    Danger Nature  ,nature
 K 마음의 휴식을 위한 자연의 소리,nature
Places don t feel real in France  travel  explore  adventure  nature,nature
Most beautiful places in Kazakhstan  travel  adventure  explore  nature,nature
FLYING OVER NORWAY   K UHD   HR Ambient Drone Film   Music by Nature Relaxation  for Stress Relief,nature
Clubbing in the Wild  David Attenborough nature documentary parody ,nature
  K  Breathtaking Colorful Birds of the Rainforest   Wildlife Nature Film   Jungle Sounds    Minutes,nature
 K Video        BALI INDONESIA   Relaxing music along with beautiful nature videos    k Ultra HD  ,nature
What Is The Scariest Thing In Nature   The Bracket  Vol      ,nature
  LIVE  Enter the Savage Kingdom  Ultimate Predators   Watch Now on Nat Geo WILD,nature
이것은 자연이다   지구 노래를 저장   HiDino 어린이 노래,nature
The Best Nature Colors in  K HDR   Beautiful Tropical Animals and Relaxing Music,nature
Moringa Drumstick  The divine food of nature Contributed for many delicacies  Poorna The nature girl,nature
Places in Brazil that don t feel real  travel  explore  adventure  nature,nature
FLYING OVER JAPAN   K UHD    Relaxing Music Along With Beautiful Nature Videos    K Video HD,nature
Social Media expectations vs Reality    shorts  nature  explore  adventure  fyp,nature
Beautiful Nature with Rural Life  P       Ice cream with fruits is so fresh and delicious,nature
Social Media Expectations vs Reality   Part    travel  explore  nature,nature
Places in Thailand that s don t feel real  travel  adventure  explore  nature  thailand,nature
Damn Nature You Scary   Rare   Scary Animal Encounters      ,nature
Chitrakoot Waterfall   Biggest Waterfall of India   Bastar   Chhattisgarh  shorts  nature,nature
Into The Nature   Cinematic Travel Video   Sony a    ,nature
cashews orange drink Poorna The nature girl  village cooking,nature
FLYING OVER AUSTRIA   K UHD    Relaxing Music Along With Beautiful Nature Videos    K Video HD,nature
Relaxing Walk in the Rain  Binaural Rain and Nature Sounds for Sleep and Study    k ASMR,nature
 BE ORIGINAL  NATURE 네이처   어린애 Girls     K ,nature
FLYING OVER THAILAND   K UHD    Relaxing Music Along With Beautiful Nature Videos  K Video Ultra HD ,nature
ONE HOUR of Amazing Animal Moments   BBC Earth,nature
Enjoy beautiful nature with rural life     ,nature
             NATURE   nature   kpop   shorts,nature
Our Planet   From Deserts to Grasslands   FULL EPISODE   Netflix,nature
ALASKA  K 휴식 영화 알래스카 야생 동물  풍경 자연의 소리 편안한 음악 알래스카는 놀랍습니다,nature
 K Forest   Cinematic Forest    K Nature Video Ultra HD,nature
This Egg is Nature s Greatest Scam,nature
sesame buns  Poorna The nature girl  village cooking  nature  recipes  food,nature
How Properly Cook Steak     shorts  menwiththepot  asmr  foodporn  fire  nature  food,nature
Social Media Expectations vs Reality    travel  explore  nature  fyp  shorts  adventure,nature
Win or Die  Full Episode    Savage Kingdom,nature
The Ocean   K UltraHD   Relaxation Film   Peaceful Relaxing Music    k Video UltraHD,nature
Nu Te Chocolatey Colour Hai Yaar Tere Ka  Kabiraofficial  NJ Nindaniya Nature Family Version,nature
Our Planet   Jungles   FULL EPISODE   Netflix,nature
Rambutan fruit recipe   Sweet   Sour Sinhalese Fruit Dishes   Sri Lankan Food   Nature Cooking,nature
Lions        National Geographic,nature
FLYING OVER YTALY   K UHD     Relaxing Music Along With Beautiful Nature Videos  K Video Ultra HD,nature
Relaxing Walk in Thunderstorm  Binaural Rain and Nature Sounds for Sleep and Study    k ASMR,nature
Our Planet   One Planet   FULL EPISODE   Netflix,nature
FLYING OVER ITALY   K UHD    Soothing Piano Music With Stunning Beautiful Nature Film For Relaxation,nature
 k Mountain River flowing in Albania theth  Relaxing River  White Noise  Nature Sounds for Sleeping ,nature
Places On Earth That Don t Feel Real  travel  tiktok  shorts  explore  destinations,nature
OnePlus    Series   Nature Meets Nurture,nature
Our Planet   Frozen Worlds   FULL EPISODE   Netflix,nature
Beautiful Nature of Norway  ,nature
FLYING OVER BALI   K UHD    Relaxing Music   Amazing Beautiful Nature Scenery For Stress,nature
Flower  K Nature Relaxation Film   Healing and Meditation Music,nature
Nature short video  natural  shorts,nature
Father Nature   Tribute to the Cocoa tree where it all begins ,nature
Giant River Otter   Nature s Gangster,nature
  K     Hours of Winter Wonderland   Calming Hang Drum Music for Relaxation  Stress Relief  UHD ,nature
Creamy custard apples  converted to creamy steam buns   mixing with mulberries for evening jam rolls,nature
Humnava Mere Nature s status      Love nature WhatsApp Status   Full screen HD status    shorts,nature
Mother Nature did not bless you as she did me   Will   Grace,nature
 K VIDEO  ULTRAHD  WILDLIFE ANIMALS IN RAIN    NATURE RELAXATION FOR  K AND  K TV,nature
This is how I spent VESAK day  And made one of my favourite dishes  kiriya  Poorna The nature girl  ,nature
The life of the forest  Birds,nature
Italy  K   Scenic Relaxation Film with Peaceful Relaxing Music and Nature Video Ultra HD,nature
Village Natural Life Style In India Uttar Pradesh   Rural Life India   Farmer Life Style In UP,nature
Big giant natural honey   harvesting        shorts  short  honey  viral,nature
FLYING OVER ICELAND   K UHD    Relaxing Music Along With Beautiful Nature Videos    K Video HD,nature
The Ocean  K   Scenic Wildlife Film With Calming Music,nature
Lots of Rambutan     Village cooking Poorna The nature girl,nature
Locked and Loaded  Outsmarting Mother Nature  Full Episode    Port Protection Alaska,nature
Chris and Mom show how to save natural resources,nature
Aesthetic   Nature Status     Love Nature Whatsapp Status    Saiyaara Lofi Song Status    Shorts,nature
Throwing a rock into a glacier river  Matanuska Glacier  fortheboy  becauseican  nature  Alaska,nature
Our Planet   High Seas   FULL EPISODE   Netflix,nature
Our Planet   Coastal Seas   FULL EPISODE   Netflix,nature
파란색이 자연에서 왜 그렇게 희귀한가요 ,nature
Peppa Pig   Nature Trail,nature
Beauty of Kerala     shorts kerala nature ytshorts,nature
Amazing Nature   Drone   Waterfalls   Aerial View   No Copyright Videos,nature
 TF   Mann의 자연 섭리 가이드,nature
동물 및 야생 동물  K ULTRA HD   편안한 음악과 자연의 소리  K TV,nature
Most beautiful places in Belize  travel  explore  adventure  nature,nature
 K Stunning Underwater Wonders of the Red Sea   Relaxing Music   Coral Reefs   Colorful Sea Life,nature
Most beautiful places in Croatia  travel  adventure  explore  nature,nature
 K POP                         NATURE  Limbo  shorts,nature
David Attenborough  The Fascinating Life Cycle of Desert Plants   Nature Bites,nature
Desi    Pawan Sahu attitude status  pawansahu  manishsahu  attitudestatus  bodybuilding  nature,nature
FULL VIDEO     Days Building Two Story Bamboo House   Living With Nature,nature
FLYING OVER GREECE   K UHD    Relaxing Music Along With Beautiful Nature Videos    K Video HD,nature
NATURAL JUICE   Red Tender Coconut Sarbath   Healthy Juice Making in Village   Summer Health Drinks,nature
Harvesting Nature s Delights  Picking Wildflowers and Crafting Sweet Treats for Tea,nature
마법의 황무지   생명이 가득한 신비한 세계   무료 다큐멘터리 자연,nature
DOLOMITES   Italy Relaxation Film  K   Peaceful Relaxing Music   Nature  k Video UltraHD,nature
The most beautiful places in Egypt     nature  explore  adventure  shorts  fyp  relaxing,nature
베트남  K  편안한 음악  K 울트라 HD와 함께 놀라운 아름다운 자연 경치,nature
곤충   k    fps  Ultra HD  자연 사운드와 함께  다채로운 역동적 ,nature
EXTREME Rain   Thunder in Hidden House inside the Forest Rain Sounds for Sleep,nature
Beautiful Nature with Rural Life  P      Picking vegetables and fruits,nature
Pink Panther  Panther of the World       Minute Nature Compilation,nature
jungkook Soft kind nature for childrens    bts  viral  jungkook  shorts,nature
  HOURS of STARSCAPES   K  Stunning AstroLapse Scenes   Relaxing Music for Deep Sleep   Relaxation,nature
Places in Scotland that don t feel real  travel  explore  adventure  nature  scotland,nature
독특한 동물 컬렉션   k    fps  울트라 HD  자연 사운드와 함께  다채로운 역동적 ,nature
insect beautiful   k    fps  울트라 HD  자연 사운드와 함께  다채로운 역동적 ,nature
FLYING OVER PORTUGAL   K UHD    Relaxing Music Along With Beautiful Nature Videos    K Video HD,nature
ICELAND NATURE in  K UHD Drone Film   Relaxing Piano Music for Stress Relief  Sleep  Spa  Yoga  Cafe,nature
로버트 그린 Robert Greene 의 인간 본성의 법칙 상세 요약 ,nature
Nature sounds Meditation forest sounds of birds singing relaxation     minutes,nature
Places in Brazil that don t feel real  travel  explore  adventure  nature  brazil,nature
FLYING OVER AUSTRIA   K UHD    Relaxing Music With Stunning Beautiful Nature   K Video Ultra HD ,nature
Horizon View in NORWAY   Amazing Nature of Aurlandsfjord with Relaxing Music    k Video HD Ultra,nature
Humpback Whale Sounds  With Dolphins  shorts  whale  dolphins   The Art of Nature,nature
Look at this wild mushroom ,nature
Nature   Kabira   slowed   reverb  ,nature
Grizzly Bears Catching Salmon   Nature s Great Events   BBC Earth,nature
Places in California that don t feel real  explore  adventure  travel  nature  fyp,nature
Fjords In Norway  K   Relaxing Music Along With Beautiful Nature Videos   K Video Ultra HD ,nature
귀여운 아기 동물   k    fps  울트라 HD  자연 사운드와 함께  다채롭게 역동적 ,nature
FLYING OVER FIJI   K UHD    Relaxing Music Along With Beautiful Nature Videos    K Video HD,nature
Galaxy S   ULTRA Camera Test Nature Photography with a Phone ,nature
From Cape to Cairo by Bike   Free Documentary Nature,nature
David Attenborough VS A Deadly Plant    Nature Bites,nature
Fresh Strawberry Sweets  Sugar Free       NATURAL,nature
FLYING OVER PHILIPPINES   K UHD    Relaxing Music Along With Beautiful Nature Videos    K Video HD,nature
FLYING OVER FIJI   K UHD    Soothing Music With Wonderful Nature Videos For Relaxation,nature
Goats in Balochistan balochistan  goatfarming  animalshortvideos  nature,nature
FLYING OVER CANADA   K UHD    Relaxing Music Along With Beautiful Nature Videos    K Video HD,nature
Praying Mantis   The Kungfu Predator,nature
 viral  srilanka  tiktok  nature,nature
FLYING OVER EUROPE   K UHD    Relaxing Music Along With Beautiful Nature Videos    K Video HD,nature
FLYING OVER CHINA   K Video UHD    Calming Music With Beautiful Nature Scenery For Stress Relief,nature
FLYING OVER NORWAY   K Video UHD    Calming Music With Beautiful Nature Video For Stress Relief,nature
Short Roots  Sad Soils  farming  nature  regenerativeagriculture,nature
FLYING OVER AUSTRIA   K UHD    Relaxing Music Along With Beautiful Nature Videos    K Video HD,nature
What If Earth Lost Oxygen For   Seconds      space  science  nature,nature
 nature  dirtourism  mountains  exploredir  beautiful  beautyofdir  travel  dir  traveltoasia,nature
FLYING OVER OAHU   K  Hawaii Ambient Aerial Film   Music for Stress Relief   Honolulu to North Shore,nature
Some people love you   nature  viral  shorts  fyp  thoughts  motivation  yt,nature
FLYING OVER BORA BORA   K UHD    Relaxing Music Along With Beautiful Nature Videos    K Video Ultra,nature
FLYING OVER EUROPE   K UHD    Relaxing Music Along With Beautiful Nature Videos    K Video HD,nature
잠자는 검은 화면을 위한 빗소리   휴식  수면  공부를 위한 자연스러운 빗소리,nature
브라질  K UHD   아름다운 자연 장면이 있는 편안한 음악  K 비디오 울트라 HD,nature
FLYING OVER  NORWAY   K UHD    Relaxing Music Along With Beautiful Nature Videos    K Video HD,nature
Bali  K Video   Relaxing Music With Amazing Beautiful Nature Scenery For Stress Relief   kvideohdr,nature
FLYING OVER INDONESIA   K UHD    Soothing Music With Wonderful Nature Videos For Relaxation,nature
Warming up a STRAY DOG     puppy  nature  coyote  weavethecoyote  shorts  short  shortvideo,nature
Face to Face with a Giant Komodo Dragon   Nature Bites,nature
Deer Fight to Death and Stuck  Look What Happen Next   Nature Documentary   Latest Wild,nature
FLYING OVER THAILAND   K Video UHD    Calming Music With Beautiful Nature Scenery For Stress Relief,nature
 ENG SUB  데뷔  주년을 맞은 네이처의 특별한 나들이    A Special Outing for NATURE s  nd Debut Anniversary ,nature
Bali  K   Relaxing Music Along With Beautiful Nature Videos   K Video Ultra HD ,nature
Nature loving kid wears special feeder to get close to hummingbird,nature
특제 양념 송어 구이 강물에서 요리하기  cooking  자연  cookingvideo,nature
FLYING OVER UKRAINA   K UHD    Relaxing Music Along With Beautiful Nature Videos    K Video HD,nature
FLYING OVER FOREST   K UHD    Relaxing Music Along With Beautiful Nature Videos    K Video HD,nature
FLYING OVER HIMALAYAS   K UHD    Relaxing Music Along With Beautiful Nature Videos    K Video HD,nature
FLYING OVER BALI   K UHD    Relaxing Music Along With Beautiful Nature Videos    K Video HD,nature
Heavy Rain To Sleep Immediately   Let The Sound Of Rain Wash Away Your Sadness Tonight   Relax  ASMR,nature
COSMIC RELAXATION    HOURS of  K Deep Space NASA Footage   Chillout Music for Studying  Working  Etc,nature
 ASMR  Nature sounds  Relax  Sleep  Wave    Hours  자연의 소리  파도  불면증    시간    분만에 잠드는 파도소리  수면유도,nature
Vultures Swarm Wildebeest Carcass   Nature Bites,nature
Hymns of Nature Volume II,nature
FLYING OVER GREECE   K UHD    Relaxing Music Along With Beautiful Nature Videos    K Video HD,nature
FLYING OVER JAPAN   K Video UHD    Relaxing Music   Amazing Beautiful Nature Scenery For Stress,nature
FLYING OVER LAKE   K UHD    Relaxing Music Along With Beautiful Nature Videos    K Video HD,nature
FLYING OVER SLOVENIA   K UHD    Relaxing Music Along With Beautiful Nature Videos    K Video HD,nature
FLYING OVER BERMUDA   K UHD  Beautiful Nature Scenery with Relaxing Music    K LIVE VIDEO ULTRA HD,nature
FLYING OVER LANDSCAPE   K UHD    Relaxing Music Along With Beautiful Nature Videos    K Video HD,nature
Woaaaahhhh  art  paint  painting  artist  nature  leaves  creative  viral Credit   vinillna,nature
Camper   Elsa   Anna toddlers   Barbie   picnic   RV   nature,nature
 K 아프리카 야생 동물    K의 실제 사운드와 콰 줄루 나탈에서 가장 놀라운 동물 만남,nature
Maldives  K UHD HDR  아름다운 자연 비디오와 함께 편안한 음악   K 비디오 Ultra HD ,nature
Decorative drumstick     woodcarving  carving  satisfying  nature  dummer  drums  drumstick,nature
FLYING OVER SWEDEN   K UHD    Relaxing Music Along With Beautiful Nature Videos    K Video HD,nature
FLYING OVER INDONESIA   K UHD    Relaxing Music Along With Beautiful Nature Videos    K Video HD,nature
FLYING OVER HAWAII   K UHD    Relaxing Music Along With Beautiful Nature Videos    K Video HD,nature
Bushcraft 생존 보호소  깊은 눈 속의 겨울 캠핑  야외 요리  자연 소리,nature
Building shelter in the forest  building  bushcraft  shelter  outdoors  nature  forest  survival,nature
fried bananas    oddlysatisfying  nature  shortvideo  viralvideos  shorts,nature
s      relax  nature  foryou  rain  storm  naturesounds  godsayings  motivational  snow,nature
Mexico  K   Amazing Beautiful Nature Scenery with Relaxing Music    K VIDEO ULTRA HD,nature
Magical Boletus Porcini Steinpilze Bolet  shorts  new  viral  trending  nature  foryou  pilze  wild,nature
World s Largest Cave  joerogan  nature  cave  Vietnam  shorts,nature
FLYING OVER BRAZIL   K UHD    Relaxing Music Along With Beautiful Nature Videos    K Video HD,nature
Ugliest Fish Of the world   shorts  facts  viral  trending  science  fish nature reels pets wildlife,nature
 ASMR  Nature sounds  Cicadas    Hours  자연의소리  매미소리가 가득한 한여름 거리를 거닐며  명상 ,nature
FLYING OVER ARGENTINA   K UHD    Relaxing Music Along With Beautiful Nature Videos    K Video HD,nature
Places in   Poland  That Don t Feel Real     travel  beautiful  unreal  nature  poland  places,nature
Whispers of Nature  Journey Along the Enchanted Forest River,nature
FLYING OVER ALPS   K UHD    Relaxing Music Along With Beautiful Nature Videos    K Video HD,nature
FLYING OVER JAPAN   K UHD  Amazing Beautiful Nature Scenery with Relaxing Music    K VIDEO ULTRA HD,nature
FLYING OVER HAWAII   K UHD    Relaxing Music Along With Beautiful Nature Videos    K Video HD,nature
NATURE YOGA,nature
FLYING OVER MONGOLIA   K UHD    Relaxing Music Along With Beautiful Nature Videos    K Video HD,nature
Hindu ka Plovu  Outdoor Cooking  Cooking on Nature,nature
FLYING OVER PARADISE   K UHD    Relaxing Music Along With Beautiful Nature Videos    K Video HD,nature
The Cycle of Life  permaculture  chickens  gardening  farmlife  nature,nature
FLYING OVER FOREST   K UHD    Relaxing Music Along With Beautiful Nature Videos    K Video HD,nature
Thong Ae at Elephant Nature Park Loves Making Friends With Elephants    ElephantNews,nature
  Heavy Rain and Thunder Sounds for Sleeping   Black Screen   Thunderstorm Sleep Sounds  Live Stream,nature
  Heavy Rain on a Tin Roof for Sleeping       Sleep Instantly with Rain Sounds   Thunder at Night,nature
Husn     riifam  nature,nature
 nature  dirtourism  mountains  exploredir  beautiful  beautyofdir  dir  traveltoasia  travel,nature
FLYING OVER ALASKA   K UHD    Relaxing Music Along With Beautiful Nature Videos    K Video HD,nature
FLYING OVER CANADA   K UHD    Relaxing Music Along With Beautiful Nature Videos    K Video HD,nature
HUNTING ADVENTURES    coyote  coyotes  nature  puppy  straykids  shorts  short  weavethecoyote  bff,nature
OMG    hikinginlondon  travel  hiddenlondon  nature  unesco  discoveruk  henleyonthames  walkingclub,nature
  Heavy Rain and Thunder Sounds        Deep Sleep   Thunderstorm for Sleeping   Pure Relaxing Vibes,nature
   Hour Relaxing Birdsong    Nightingale Singing   Pure Nature  Stress Relief  Magical Nature,nature
FLYING OVER MEXICO   K UHD    Relaxing Music Along With Beautiful Nature Videos    K Video HD,nature
The Most Beautiful Places in Iceland     nature  adventure  shorts  explore,nature
JUNGLE  K   Scenic Relaxation Film with Peaceful Relaxing Music and Nature Video Ultra HD,nature
FLYING OVER CROATIA   K UHD    Relaxing Music Along With Beautiful Nature Videos    K Video HD,nature
Places in India that don t feel real  explore  adventure  travel  nature  fyp,nature
cow market         animal  cow  nature  cowbeauty  animalgraze,nature
Amazing peacock bird and awesome dance  peacock  dance  bird  nature,nature
THE NIGERIA MAN WHO CARVE WITH CUTLASS  nature and  beautiful   sculpture,nature
FLYING OVER THAILAND   K UHD    Relaxing Music Along With Beautiful Nature Videos    K Video HD,nature
Tiger crossing the road   in  sathyamangalamforest  travel  nature  follow  roadtrip  subscribe  ,nature
Bamboo Water Fountain Healing                                            BGM ,nature
Baby Cobra update   shorts  short  animal  snake  nature  wildlife  cobra,nature
  Sleep Fast with Pure Nature Rain and Incredible Present Thunder Sounds   Black Screen,nature
Sheep Grazing Among Solar Panels  nature  grass  shorts,nature
Nature Australia   K UHD    Relaxing music with beautiful nature videos    K LIVE VIDEOS,nature
Kansas City      kansascity  kc  midwest  america  snow  winter  nature  driving,nature
Lioness vs zebra  shortvideo  lionslife  nature  short  shorts,nature
Instagram vs Reality   travel  explore  adventure  nature  visit,nature
Watch the beautiful nature in the world,nature
Frozen Lake   Nature Around Lake    shortvideo  copenhagen  shakilch   k,nature
The last one    travel  explore  adventure  nature  instagram,nature
Person Comes Across Bears While Driving Along,nature
the amazing nature,nature
Caught a big one  fun  nature  fishing  fish  icefishing  amazing  beautiful  wow  explore  icefish,nature
What do you think happened   snow  deerhunter  deerhunting  deerhunt  nature   hunting  winter,nature
Beautiful Bull  farming  nature  animals  outdoors  louisiana  bull,nature
nature sounds relaxing music birds,nature
Beautiful water fall with hadees mubarkah  nature  islam  peace  viral  ireland  waterfall         ,nature
The Chunky Trunk Bonsai     Banksia  Native to Australia   bonsai  tree  nature,nature
redcow     animal  cow  bull  nature  viral  animalgraze  shorts,nature
natur mount  and my culture  my country  nature  viral  reels  trending ll my new video ll,nature
FLYING OVER EUROPE   K UHD    Relaxing Music Along With Beautiful Nature Videos    K Video HD,nature
vayanad   nature  sorts  travel  pets,nature
Beautiful places in Norway   travel  explore  adventure  nature  norway,nature
Big Bear Bald Eagle Live Nest   Cam  ,nature
True Nature of our planet  animals  photooftheday  animal  wild  wildlifeplanet,nature
 surahmunafiqun  viralvideo  youtube  quran  nature  quranpak,nature
Quran  trending  whtsappstatus  qurantranslation  islamic  islamicstatus  nature  quranvideo,nature
zooming cheek iPhone    ultra Pro Max  video   amazing  video  nature  beautiful,nature
Tirumala Darshnam For    k Family       tirumala  ttd     k  ghatroad  nature  view  devotional,nature
Serenity in Nature  Relaxing Forest Stream with Soothing Water Flow Sounds,nature
JULY Pine   What caused it      shorts  mushroom  nature  foraging,nature
  Messenger In The Night   Nature s Gentle Symphony Is Skillfully Conveyed In The Night,nature
Top   Most Dangerous Fish In The World    nature  animals  animalfacts  explore  trending,nature
 K  HOURS   Secret Path in the Forest  A Journey into the Mist 숲속의 비밀 길  안개 속으로의 여정,nature
예상 못한 풍경 Unexpected Scenery,nature
LONDON CITY,nature
부드러운 빗소리와 함께 즉시 깊은 잠     HOURS 숙면을 위한 빗소리,nature
뇌우   숲속의 잠  공부  휴식을 위한 폭우 소리    시간 자연의 소리,nature
a beautiful view of Switzerland  healing  nature video  beautiful  clear headed  힐링영상  자연  수면  집중,nature
FLYING OVER JAPAN   K UHD    Piano Music Along With Beautiful Nature Videos For Stress Relief,nature
The relaxing sound of a stream flowing in the green forest,nature
 시간 마음에 안정을 주는 시냇물 소리 ASMR   Forest Stream Water Sounds for Sleeping White Noise,nature
 시간 따듯하고 아늑한 모닥불 불멍 ASMR   Relexing Wood Fire Sounds  White Noise,nature
Freaks of Nature          The Virgin and the Vampire Scene         Movieclips,nature
Relax and meditate      ,nature
Escape to nature s tranquillity with a serene stroll along this small forest river   NatureLovers,nature
RELAXING LANDSCAPES   DOLBY VISION   K HDR  EXPLOSIVE COLORS ,nature
morning sun veiws nature life beauty real,nature
ANIMAL WORLD   Amazing Wildlife relaxation film,nature
 germany  travel  nature  crystals  beach,nature
머리가 맑아지는 숲 속 치유음악    시간 자연 명상음악  마음이 편안해지는 음악  새소리와 하프연주  Forest Light ,nature
아이슬란드 위를 날다  K UHD    아름다운 자연과 함께하는 힐링 뮤직비디오    K UHD TV,nature
  k   시간 머리가 맑아지는 숲소리 ASMR   수면유도  새소리  바람소리  자연의소리  휴식명상,nature
초록빛 가득한 날 자연 속 힐링음악  스트레스 해소음악  명상음악,nature
플라잉 오버 노르웨이  K UHD    아름다운 자연과 함께하는 놀라운 뮤직비디오    K UHD TV,nature
 k자연영상  힐링영상 I 아름다운산영상풍경   보고만 있어도 행복한   떠나고 싶어지는 영상   풍경영상   그림같은풍경   당신을 위한 모든 힐링음악 Must Healing,nature
불면증에 좋은 최고의 빗소리   분이내 수면 백색소음 자장가 ASMR   Rain Sounds For Sleeping  White Noise,nature
카메라에 포착된 무자비한 자연재해 현장들 ,nature
  월 출생아 또 역대 최저   인구   개월째 자연감소   YTN 사이언스,nature
 자연집   추우면 추운 대로 좋아   아무도 알아주지 않아도 행복하다는 동굴 속의 삶,nature
긴급  민주 의원   명 방금 이재명에 반기  충격 기자회견  김두관 최후 통첩  민주 두 동강   진성호의 융단폭격 ,nature
 반전사연 동서가 너무 힘들다고 해서 집 대출까지 받아서 도와줬더니 잘되자 우릴 무시하는 동서  얼마후 서방님이 TV에 나오자 동서가 울먹이며 라디오드라마  사연라디오  카톡썰 ,nature
  월   일 금요일  LIVE    뉴스 최진봉 김종대 변희재  영화 전찬일 라이너 최광희 거의없다  광고요정 박보경 ,nature
   분 다큐  부잣집 딸이던 그녀가 다 버리고  지리산 첩첩산중 오지에 작은 오두막에서   년째 살고있다  KBS           ,nature
혹독한 겨울을 이겨내고 찾아온 백두산의 봄  태고의 자연이 살아 숨 쉬는 백두산 원시림의 신비로운 생태와 희귀 동식물의 세계  KBS          방송 ,nature
  k 영상  자연영상   힐링영상   아름다운 사이판 여행 바다풍경    랜선여행   고화질 테스트영상   카페 영상   힐링여행   해외여행   영상소스   엔티비스튜디오,nature
세상에서 가장 아름답고  장엄한 자연경관  선   여기 지구 맞아 ,nature
천혜의 자연환경을 갖고도 바가지상혼으로 망했습니다,nature
알래스카 상공 비행  K UHD    아름다운 자연과 함께하는 힐링 뮤직비디오    K UHD TV,nature
스트레스 받을 때 듣는 숲 속 치유음악    시간 자연 명상음악  마음이 편안해지는 음악  새소리와 하프연주  Calm Forest ,nature
 모음zip   빌딩 숲 에서  진짜 숲 으로  매운맛 인생 에서  순한 맛 인생 으로 삶이 자연이고  자연이 삶이 된 자연의 철학자들   KBS 방송 ,nature
Relaxation  K   Scenic Jeju Island  an south of Korea,nature
  억분의   확률  카메라가 포착한 초희귀 자연 현상,nature
카메라에 담긴 가장 놀라운 자연 재해 순간    ,nature
 이 정도면 자연이 체질  시작은 비닐하우스였으나 이제는 황토집이다  한 쪽 주머니에는 강아지  한 쪽 손에는 고구마  좋다는 말이 절로 나오는 너와집 생활    골라듄다큐,nature
  억분의   확률  카메라가 포착한 초희귀 자연 현상,nature
세상에서 가장 아름답고  장엄한 자연경관  선   여기 지구 맞아 ,nature
타이니 하우스 레인 심포니  편안한 잠을 위한 자연의 자장가    ,nature
계곡과 국유림 붙은 청정자연속 전원주택  채   원가판매합니다,nature
 자연관찰   아기 동물들의 세계  키드키즈 겨울동물 겨울동화 자연관찰 어린이동화 유아동화,nature
세종에서 주변환경 가장 좋은 곳   자연휴양림 정문앞    평 작은 토지  금강자연휴양림을 정원처럼,nature
 찐 커플 모먼트  모든 게 자연스럽다   동완 윤아의 차 안 데이트   요즘남자라이프 신랑수업    회,nature
남도에 가면 최고의 자연유산을 만날 수 있다   다큐온 KBS          방송 ,nature
 가나안다육  만  만선물준비대박 자연군생맛집완전좋아 몬스테라 아이보리 양진,nature
아름다운 자연하천 sori tv korea,nature
M 는 배기음이 훌륭한 차가 아닙니다      자연흡기의 시작과 끝 BMW M  헤리티지   큐피디와 구경큐경  실키식스,nature
No     밀양 명승지 표충사근처 자연환경 좋은곳 벽돌주택과 서까레 불때는 방있는 정갈한 시골집  밀양전원주택매매  밀양촌집매매  밀양부동산,nature
지금도 풀 숲은 시끌벅적  우리가 잠든 시간 곤충은 이렇게 살아남습니다 숙면 자연 다큐멘터리 다큐프라임  골라듄다큐,nature
         상용차 소음기 자연 청소 하는 방법 ,nature
  생방송  마녀들의 포레스트   화 자연과 사람을 이어 새로운 가치를 만드는 마녀들의 시간  ,nature
자연을 담은 수석 분양 경매합니다         수석쿨스톤  수석Cool Stone TV,nature
이곳이 바로 낙원이구나  차가운 겨울바다에서 누리는 뜨끈한 공짜 온천 자연의 선물  핫 워터 비치  뉴질랜드 세계테마기행  골라듄다큐,nature
사천 케이블카 자연휴양림 우중캠핑 편백향가득한 힐링캠핑 ,nature
제주 여행  제주 유채꽃 명소 Best   휴애리자연생활공원 성산 일출봉 유채꽃 유채꽃 가장 빨리 볼 수 있는 곳 봄바람  국내여행추천지,nature
아름다운 자연풍경 화가 임종헌의 예술세계 유화 정물화 서양화가 데이비드 리델 포틀랜드 화가 작품감상,nature
 모음zip   빌딩 숲 에서  진짜 숲 으로  매운맛 인생 에서  순한 맛 인생 으로 삶이 자연이고  자연이 삶이 된 자연의 철학자들   KBS 방송 ,nature
물고기로 태어났다면 얼마나 살아남을 수 있을까  본격 바다에서 생존하는 다큐멘터리 먹이사슬의 세계 숙면 다큐 다큐프라임  골라듄다큐,nature
더 심심하게 살고 싶은 자연인이 있다   남들이 보면 불편한 것이 많지만 전혀 불편함이 없다는 자연인의 산골 라이프   자연의 철학자들 KBS          방송 ,nature
동물이 궁금해  문어 뭘까왤까 자연관찰 대교 노리Q l Daekyo noriQ,nature
 자연집  자연 속에 숨겨진 비밀 정원  조경의 달인들이 가꾼  정원  모음집,nature
 유라와 자연친구   화  독을 가진 물고기 복어 바다 속 생물 자연관찰 복어송 동요 키즈송 유아 학습,nature
  k 영상 자연영상   힐링영상   아름다운 하와이 여행 바다풍경  랜선여행   고화질 테스트영상   카페 영상   스트레스 해소음악  잠잘때 듣는 음악  불면증치료음악 수면유,nature
 이 겨울이 끝나면 돌아가야지    라고 생각했지만 그녀는 여전히 곰배령에서 겨울을 나고 있다   자연의 철학자들   부 곰배령  눈꽃 내리면  KBS          방송 ,nature
 이 정도면 자연이 체질  시작은 비닐하우스였으나 이제는 황토집이다  한 쪽 주머니에는 강아지  한 쪽 손에는 고구마  좋다는 말이 절로 나오는 너와집 생활    골라듄다큐,nature
 유라와 자연친구   화  고래가 물고기가 아닌 포유류라고  바다생물 자연관찰 학습,nature
자연에서 살고는 싶지만  용기는 안나잖아요 다들  그럴땐 저처럼 원할때만 자연인 하세요 한국기행  골라듄다큐,nature
우리나라에서 가장 아름다운 정원을 품은 사찰  수선사   자연의 철학자들  KBS          방송 ,nature
우여곡절 끝에    평 야생화 정원 완성  사계절 다른 꽃으로 힐링하는   대 부부의 황혼 정원  자연의 철학자들 KBS          방송 ,nature
카메라에 담긴 가장 놀라운 자연 재해 순간    ,nature
유라와 자연친구송 모아보기   곡 벌레잡이식물송 인기동요 학습동요 키즈송 모음,nature
천혜의 자연환경을 갖고도 바가지상혼으로 망했습니다,nature
날아라  슈가글라이더  sugar glider    생생자연도감   어린이 자연관찰 Kids Science   지니키즈 과학동화,nature
 유라와 자연친구   화  벌레를 잡아 먹는 식물  파리지옥 끈끈이주걱 벌레잡이식물 식충식물 자연관찰 유아 학습,nature
 유라와 자연친구   화  매미가 우는 이유는  매미송 동요 여름 곤충 자연 관찰 학습 어린이 만화,nature
귀엽고 신기한 동물들을 만나봤어요  동물편 모음   분 자연 학습 체험,nature
자연음식 산들바람의 김장김치,nature
강원도 탄광촌에서 산골짜기까지  산골 시인이 세상 밖으로 표현하고 싶은 것은   자연의 철학자들 KBS          방송 ,nature
남극의 신사 펭귄   자연관찰   과학도감   깨비키즈 KEBIKIDS,nature
  운주산승마자연휴양림 홍보영상  ,nature
다니와 자연친구  곤충퀴즈   장수풍뎅이 매미 꿀벌 잠자리 무당벌레 개미 메뚜기   DANI 다니유치원,nature
자연음식 산들바람의  색 만둣국,nature
스트록 스피드가 만들어내는 자연분리각,nature
자연아 고마워   디지털 창작동요 음악잡지 월간 마리샘     년   월호 별책부록,nature
자연아고마워 위메송프렌즈 환경동요 자연노래,nature
내 마음 속의 푸른 쉼표    전남자연휴양림,nature
 유라와 자연친구   화  올챙이에서 개구리가 되기까지  개구리의 한살이 자연관찰 학습,nature
장수풍뎅이송 천하장사 장수풍뎅이가 애벌레에서 성충이 되기까지    자연 관찰 곤충 동요 키즈송  유라와 자연친구 ,nature
마음과 눈이 평온해지는 숲속 빗소리   불면증과 숙면에 효과적인 빗소리 ASMR   Rain Sounds   자연의 소리   비오는소리  비내리는소리   수면유도,nature
 Full    장자연  부 MBC     년  월   일 방송,nature
  걸어서세계속으로Full   카리브해로 둘러싸여 천혜의 자연이 여행객들의 발길을 붙잡는 곳  콜롬비아  여행 Trip to Colombia  KBS          ,nature
카메라에 포착된 가장 미친 듯한 자연현상   가지,nature
 유라와 자연친구   화  공룡이 사라진 이유는  공룡시대에 가서 초식공룡 육식공룡 만나봤어요  자연 관찰 학습 애니메이션,nature
 유라와 자연친구   화  협동하며 살아가는 개미 개미굴은 어떻게 생겼을까  자연관찰 유아 학습,nature
전국 산하를 누비던 그가 지리산 남사마을에 정착했다  서울이 아닌 시골을 선택한 이유는   자연의 철학자들 KBS          방송 ,nature
한 번도 보지 못한 자연현상 TOP ,nature
자연음식 산들바람의 맛간장,nature
 제왕절개vs자연분만 여의사들의 출산후기 비교  출산 전부터 출산 후 신체변화까지,nature
 강연  제  회      서울대 자연과학 공개강연  불확실한 세계  그래서 과학 ,nature
 꿀팁  자연녹지지역 계획관리지역 어떤 토지가 더 좋은 땅인가요   프로공인중개사 건축기사 ,nature
시월초 자연과 함께 V Log 아주 좋아요             ,nature
자연에서   억분의  의 확률로 일어난 순간들 ,nature
꿈틀꿈틀 뱀   자연관찰   과학도감   파충류   뱀의 종류  먹이  천적   깨비키즈 KEBIKIDS,nature
오지마을 벌랏에서 자연에 흠뻑 스며들어 한 몸으로 살아가는 닥종이 예술가   자연의 철학자들   부 벌랏의 햇살처럼 바람처럼  KBS          방송 ,nature
자연식물식  년 후기,nature
자연상수 e의 역사 알아보기,nature
TOP      세계에서 가장 아름다운 장소  K ULTRA HD,nature
 로그의 미분  편  자연로그부터 꿰뚫자  제대로 배우면 너무 쉽다 ,nature
자연재해시 긴급대피 요령공부하기 지진 산사태 홍수 등 자연재해 발생시 베이비버스 안전교육 게임동영상,nature
신장결석 요로결석  자연배출 되기도 하나요  통증은 얼마나 심한가요   좋은 음식과 치료 및 수술법,nature
로블록스 어떤 상황에서도 살아남으세요  자연재해 서바이벌,nature
아몬드성형외과 자연유착 찐 후기  눈성형후기,nature
카메라에 포착된  가지 충격적인 자연 재해,nature
요로결석을 운동으로 배출할 수 있을까요  자연배출 돕는 운동법    행복한 아침     회,nature
카메라에 포착된 초강력 자연재해 Top    ,nature
 유라  장난감 toy  곤충 채집 자연 관찰 찐득이 거미 매미 개미 뽀로로 insect collection nature observation mite spider,nature
이과생이라면 꼭 보세요  너무나도 중요한 자연상수 e 자연로그   생각루트,nature
 단독인터뷰  장자연  절친 이   년 만에 털어 놓은 장자연 사건의 진실,nature
 유라와 자연친구   화  협동하며 살아가는 개미 개미굴은 어떻게 생겼을까  자연관찰 유아 학습,nature
   만 년 희귀 생물의 보고  최후의 자연하천 북한강 상류를 가다 민통선 생태보고 하나뿐인 지구  골라듄다큐,nature
남극 펭귄을 구하기 위해  자연의 생태계를 거스른 다큐멘터리 감독  결국  ,nature
자연에서의 초희귀   억분의   확률의 순간,nature
허리디스크  시간 지나면 자연 치유된다    SBS,nature
자연탐구애니메이션  호기심공룡 깨미랑 부카채카 KEMY       하마랑 악어  악어  하마  자연관찰 동물탐구,nature
자연재해 서바이벌 in 마크         ,nature
 특종세상  해발    m  산골부부의 자연밥상  Full영상 ,nature
늑대가 사라진 지금  유일한 갯과 동물 생존자 너구리  너구리는 대체 뭘 먹고 살까  자연 다큐멘터리 숙면 다큐 다큐프라임  골라듄다큐,nature
 살 때 지게 지고 시작했다   돈이 모이면 한 다랑이씩 사서 늘려온 지리산 비탈 아홉  다랑논     년 농부 인생 이야기  자연의 철학자들 KBS          방송 ,nature
   만뷰  미국 코스트코 맛있고 가성비 좋은      자연치즈 추천   자연치즈 성분 알아보기   자연치즈 VS 가공치즈   치즈 활용요리   Costco Cheese,nature
     진통이 오면 움직이세요    자궁경부 열리는 시간 자연분만의 모든 것을 알려드립니다     노노산부인과 ep   ,nature
자연재해 서바이벌 생존시   만원 미션 ,nature
놀라운자연     활용법,nature
랜덤 자연재해에서 살아남기    바지는 입고 도망가          버섯도리 로블록스  ,nature
 sub 슬의생   자연분만을 해야 머리가 좋아진다고   ep      여성건강 채널No   우리동네 산부인과,nature
 마이크 대신 자연에 몸을 맡긴 아나운서 이계진의 삶의 철학   자연의 철학자들   부  이계진의 끽다끽반         KBS          방송 ,nature
  다빈치노트     분  몸에서 저절로 불이 난다  인체 자연 발화 현상의 진실은 무엇일까  미스터리를 해석하는 과학     편집자는,nature
학교에 랜덤 자연재해가 밀려온다  살아남을수 있을까    ,nature
까꿍  동물친구 자연관찰 전편 몰아보기      화  Babies Kids Pikaboo  Animal friends Daekyo noriQ l 대교 노리Q,nature
자연상수 e 및 자연로그,nature
자연재해,nature
  자연의철학자들  화   너는 꽃이다     대 가족이 가꾼 정원  그 속에서 인생의 화양연화를 발견하다  KBS  TV   월  일 첫 방송  국내여행  ,nature
자연재해로 인한 재앙이 시작된다  영화리뷰 결말포함 ,nature
자연 다큐로 사기치는 한국인,nature
 유라와 자연친구   화  거미줄로 먹이를 사냥하는 거미 거미는 곤충일까  무시무시한 독거미 유아 곤충 자연관찰 학습,nature
쌍수한 친구 성형했다고 무시하고 깔보는 자연미인부심 친구 참교육,nature
 금강방송  신시도 자연휴양림  예약  분이면 끝  군산시민  그림의 떡 ,nature
자연유착 쌍꺼풀 아직도 모른다면    이젠 진짜 마지막이다     집중하세요  ,nature
학교 운동장에서 농사짓는  괴짜 농부 가 있다   무농약  무경운  무퇴비  무제초  무비료  오로지 땅심으로만 농사짓는다  자연의 철학자들 KBS          방송 ,nature
자연음식 산들바람의 동지 팥죽 끓이기,nature
마인크래프트  자연재해 세상에서 살아남기  ,nature
진심을 다한 친환경 유기농식품  압도적  위생적인 자연드림 생산현장 몰아보기   Mass Production of Eco Friendly Food   Korean Food,nature
 자급자족 내 밥상  자연요리연구가 문성희   자연의 철학자들   부  덜어내니  비로소 편안해지네   KBS          방송 ,nature
 고  통합사회   차시 자연을 바라보는 관점 인간 중심주의 생태 중심주의 ,nature
신비한 자연의 세계   생존 경쟁이 치열한 야생   라플레시아   개미,nature
 MBC 특집 자연다큐    년의 기적   운곡  내레이션 배우 최불암 ,nature
인공주기   자연주기  차이점은 무엇인가요 ,nature
 요로결석 단 분 자연배출  배 옆구리 통증 새벽통증 신장 요관 방광 요도 결석누워 간단 바로 배출 feat 폼롤러 베개 페낭어부 자연치료 건강꿀팁,nature
한국의 이탈리아 토스카나  자연영상   아름다운 풍경   위대한유산   경   경 남해고사리밭,nature
자연음식 산들바람의  코다리찜,nature
  하이라이트    불에 몸이 타 버린 사람들   인체 자연발화  현상  다빈치노트 EP  ,nature
 년 동안 아내를 위해 쌓은 돌담집  크기가 무려       자연의 철학자들  KBS          방송 ,nature
인류는 정말 자연재해를 막을 수 없는 걸까    과학을 보다,nature
깨끗하고 수려한 자연을 고스란히 간직한 태고의 멋과 아름다운 자연을 지닌 청정한 고장으로 떠나본다  KBS          방송 ,nature
자연의 신비,nature
자연유착 쌍수 붓기  현실적인 인아웃라인 쌍수  달차 후기  shorts  쇼츠,nature
 보이지 않는 집 은 어떤 집일까  건축가가 지은 자연 앞에 겸손한 세 채의 집,nature
부동산 어디까지 알고 있니  회 자연녹지지역,nature
     만 인구 서울 한복판에도 자연이 살아 꿈틀거린다  인간의 생활 환경에 적응한 동물들 하나뿐인 지구  골라듄다큐,nature
시험관 냉동배아 할때 자연주기  인공주기란 무엇이고 성공 확률이 높은 것은 ,nature
땅과 사람을 살리는 두레마을 자연농업 감자밭,nature
 MV  DAYBREAK 데이브레이크    So Long 우리 안녕이 자연스러워서 ,nature
조병식의 자연치유법   가지  자연요법,nature
 유라와 자연친구   화  거미줄로 먹이를 사냥하는 거미 거미는 곤충일까  무시무시한 독거미 유아 곤충 자연관찰 학습,nature
길 위에서 사람들을 만나고 자연을 대하는 태도   자연의 철학자들   부 옛길을 걷다 보면  KBS          방송 ,nature
자연분만 VS 제왕절개 둘다해봄  shorts  출산후기  출산브이로그,nature
 금강산 남쪽 으뜸 산수  속리산 화양계곡의 사계  환경스페셜 화양계곡 봄 여름 가을 겨울    KBS          방송,nature
숲의 사랑  숲의 전쟁  생명을 길러내는 숲의 봄  여름  가을  겨울   환경스페셜 신년특집 자연다큐멘터리 숲    KBS          방송,nature
수목장 자연장지  제대로 조성해야 ,nature
 날 죽여버리겠대  두려워했던 장자연 음성 파일 공개   SBS,nature
     왜 사람들은 자연분만을 하고싶어하나요    자연분만의 장점,nature
지금가야해 드라마세트장이 완공된 온빛자연휴양림 논산 드라마촬영지 그해우리는 온빛자연휴양림,nature
 이런 분들은 자연분만하시면 큰일 납니다  피할 수 없는 선택  자연분만 VS 제왕절개  차이나는 닥터스   화,nature
폭발적인 마사지 성공 후기  요로결석 자연 배출 돕는  돌망치 마사지    나는 몸신이다     회,nature
산골짝의 다람쥐   자연관찰   과학도감   깨비키즈 KEBIKIDS,nature
자연음식 산들바람의 녹두 빈대떡,nature
 참새가 사는 곳에 내가 왔지  내가 사는 데 참새가 온 건 아니다   현장을 겪어보기 위해 귀촌을 했다   자연의 철학자들 KBS          방송 ,nature
자연유착법  여러분들은 그 동안 속아왔습니다  더 이상은 속지 마세요   자연유착법의 불편한 진실 ,nature
 자연자원총량제  만약에 자연자원이 고갈된다면 ,nature
휴양림의 정석  단양 소선암자연휴양림에 가보자 ,nature
중환자실에서 생사고비를 넘기고  년 만에 지은   나비집   그가 깨달은 삶의 의미는    자연의 철학자들   부 나비처럼 나빌레라  KBS          방송 ,nature
전국에  개 남은 자연별곡      년 리뉴얼 후 최신 근황과 스토리,nature
자연이가 왜 여기서 나와    여 분 동안 후배 못 알아본 고수희   마녀체력 농구부  Jump like a Witch   회   JTBC        방송,nature
자연아 고마워   동요 노래방  동요노래방  노래방  반주  MR,nature
보전녹지지역 VS 자연녹지지역 향후 전망은   땅값  배 차이 ,nature
 고  통합과학    강  변이  자연선택  핀치새,nature
해일잠뜰 폭풍공룡 화산라더   자연재해  술래잡기   잠뜰 ,nature
자연과 힐링 로하스 음악   곡,nature
과학의 힘으로 자연의 궁극적 법칙을 발견할 수 있을까 ,nature
이것이 연예계 지옥  누가 장자연을 지옥으로 몰아넣었나 ,nature
자연재해의 무섭고 놀라운 광경   ,nature
미리 가보는 휴양림   국립검봉산자연휴양림 편,nature
여고 졸업하고 귀농해서 닭      마리 자연방사로 유정란 파는 청년농부,nature
시부모님이 사시던 시골 옛집이 변했다  울창한 숲으로 애워싸여 있는 비밀정원  자연의 철학자들 KBS          방송 ,nature
자궁선근증을 자연치유 한다    자연괴사  약물치료  식이요법,nature
자연을 배우다   자연모사 과학 기술   YTN 사이언스,nature
 ENG SUB    K LIVE  실감 파노라마 한반도 자연유산  부  백두대간 꽃자리   KBS        방송 ,nature
깡충깡충 굴토끼   자연관찰   과학도감   동물탐험   깨비키즈 KEBIKIDS,nature
자연에서 난 그대로 건강한 농작물을 수확하는 농사법의 개척자  자연농법의 선구자  김주진 박사   별별사람들  ,nature
말기 암 고친 아내의  자연식 밥상 과 자연 생활  건강특급   좋은아침     회         ,nature
 성균관대학교  자연과학캠퍼스 소개  성균관대 자과캠에는 뭐가 있을까  ,nature
자급자족      생활비  원   도무지 돈쓸일이 없다는 무위자연 속 남자   전세계 곳곳을 떠돌다 드디어 행복을 찾게된 오지마을   한국기행    골라듄다큐,nature
자연과 대화하는 마음으로  자연이 허락하는 만큼만 뿌리고 거두는 낭만 농부    자연의 철학자들   부  안분지족  흙에서 배우다   KBS          방송 ,nature
 자연집  섬에 오직 단 한 사람   무인도 에 사는 자연인들의 집,nature
 그레이트북스  자연관찰전집  놀라운 자연 ,nature
 라디오스타  전교  등 서울대 출신 옥자연이 신스틸러 배우가 되기까지     옥자연  엠뚜루마뚜루 MBC      방송,nature
코로나가 기후 변화와 관련이  자연과 인간의 새로운 관계 정립이 필요한 순간 유퀴즈온더블럭   YOU QUIZ ON THE BLOCK EP       tvN        방송,nature
쓰레기 쌓아 뒀을 뿐인데  자연 발화  막을 방법은 ,nature
 Playlist  우리의 청춘은 시원한 바람을 타고 인터라켄의 광활한 자연 속으로 close your eyes and turn your face into the wind  ,nature
 만성신부전증 만성신부전증은 자연치유 할 수 있을까요 코로나 시대에 집에서 만성신부전증 자연치유를 하기 위한 모든 것을 알려드립니다 ,nature
매일매일 사는 순간이 중요하고  자연에 깃든 오늘을 살아간다    자연의 철학자들   부 언제나 새로운 날  KBS          방송 ,nature
방광염엔 무조건 항생제  자연 치유력 높이는 게 우선,nature
국가를 집어삼키는 지진과 해일  인류 역사상 최악의 자연재해 TOP ,nature
자연분만 시 질 이완  요실금,nature
 유네스코  관왕 제주 이야기  제주의 세계자연유산에 대해 알아보아요 ,nature
출산 비하인드 스토리  자연분만 힘주기 태림법   애 둘 낳은 내 친구 개꿀팁  ,nature
제왕절개 VS 자연분만 장단점  다 알려드립니다  수술날짜  다음 임신 시기  마취,nature
진아 s의   세 노산 자연분만 성공 후기   자연분만을 앞둔 산모들을 위한 꿀팁 전수  젖몸살 대처법까지   ,nature
자연이 숨 쉬는 건축  한옥   YTN 사이언스,nature
자연의 미스터리,nature
캐나다 비행  K UHD    아름다운 자연과 함께하는 힐링 뮤직비디오    K UHD TV,nature
 중등 사회       자연으로 떠나는 여행   우리나라 자연경관 제주 세계자연유산,nature
숲나들이 자연휴양림 선착순 예약방법,nature
자연음식 산들바람의 배추 겉절이,nature
가장 위험한 자연 현상 TOP ,nature
괴산자연드림파크 소개 산업단지편,nature
 풍경  중국 귀주성 판징산     m    유네스코 세계자연유산,nature
아들 뺏어가려는 옥자연에게 경고하는 이보영 연기   ,nature
산림문화자산   편   양평 산음자연휴양림   YTN,nature
제왕절개 자연분만 뭐가 다른가요  엄마들이 들려주는 리얼 출산방법 출산 후기  맘톡 ,nature
자연음식 산들바람의 열무 김치,nature
길어야  개월이라던 말기 암 아내가 건강을 되찾았다 자연의 먹거리로 밥상을 차려내 먹었더니 나타난 놀라운 효과 백두대간 청정자연 자연의 선물 남편의 사랑 한국기행  골라듄다큐,nature
뱀이 귀여운 유라  곤충 박물관에 가다  파충류편 자연 관찰 학습,nature
감나무밭 작은 컨테이너의 이름은 심심산방  이보다 더  심심 할 수 없는 선희씨의 숲속 라이프    자연의 철학자들   부  내 마음에 꽃이 피었습니다   KBS          ,nature
 임출육 레벨업  자연분만 잘하는 체질이 따로 있나요   자연분만 잘하는 법 골반 크기 X ,nature
고수 VS 초보   자연재해에서 살아남기  누가 오래살까요 ,nature
배우 이미숙   장자연 사건    년 침묵 깼다 검찰 자진 출석   SBS,nature
      유도 분만은 자연 분만 아닙니다  선택적 유도 분만    주까지 기다리세요  산부인과  조기만삭아  황달  뇌성숙  정유미 소아청소년과 전문의  FABM  IBCLC ,nature
의령 자굴산 자연휴양림 개장   체류형 관광지 조성             뉴스투데이  부산MBC ,nature
장기이식 후 약을 끊게 만든 기적의 자연밥상 대공개,nature
자연분만 vs 제왕절개  산부인과 의사의 선택은   shorts,nature
자연을 소재로 도자기를 빚으며 자연에 공경하는 마음을 가지는  그릇 농사 를 짓다    자연의 철학자들   부 자유롭게  자연을 빚다  KBS          방송 ,nature
 자연의 철학자들  자연의 거울에 나를 비추고   KBS        방송,nature
       월 코앤코 송   자연의 소리,nature
 위험천만  기름 닦은 휴지 자연발화 폭발사고   SBS,nature
 자연의 철학자들  비록 작고 볼품없어도      KBS        방송,nature
자연주기 때 배란일을 놓치면 ,nature
카메라에 담긴 가장 놀라운 자연 재해 순간    ,nature
자연치아 vs 임플란트  자연치아가 우선인 이유,nature
 년에 두번 출산한 여자  출산 브이로그  둘째 자연분만  촉진제  무통천국x  birth vlog ,nature
과학자들이 자연에서 답을 찾는 이유는 뭘까    생체모방기술,nature
 골라봐야지    자연이 눈 돌았잖아   슈룹 황귀인 눈빛 소환    승부욕 만렙 매운맛 옥자연 마녀체력농구부 JTBC        방송 외,nature
어린 시절  고향의 품처럼 아름다운 자연으로 회귀  영월 나래실 마을의 소박한 농원   자연의 철학자들   부  나래실에선 늙지 않는다   KBS          방송 ,nature
UFO보다 보기 힘든 초 자연현상,nature
괴산자연드림파크 소개 문화시설편,nature
피지낭종  표피낭종 자연치유 가능  불가능 ,nature
  월 출생아 또 역대 최저   인구   개월째 자연감소   YTN,nature
미리 가보는 휴양림   국립진도자연휴양림 편,nature
치질 자연치유가 가능할까   분만  수지항외과,nature
배움의 연속  한 치 앞도 알 수 없는 자연이지만  오감을 충족시켜주는 특별한 경험에 행복한 부부의 귀농 일상  자연의철학자들 KBS  매주 금 방송  국내여행          ,nature
진짜 말그대로 천벌받았네      보자마자 도망가야하는 자연재해의 전조증상 TOP  ,nature
 김남균    기 소방간부후보생 자연과학개 기출해설강의   독한소방,nature
 세상만사    월 출생아 만      명 또 역대 최저 인구   개월째 자연감소,nature
 티비홈닥터  허리디스크  자연 치유가 가능하다     TV홈닥터 더 나은 클리닉   알아두면 좋은 건강상식,nature
드라마 속 자연분만 VS 실제 자연분만  출산  shorts,nature
일본 역사상 최악의 자연재해,nature
자연치유아카데미의 하루  아침 숲 산책,nature
자연의 소리 ASMR   꿀잠  불면증  수면 유도하는 연못에 내리는 빗소리   시간   분후 깊은 잠 유도,nature
 오늘의 강화군  여름휴가 여기어때  석모도 자연휴양림,nature
깨끗한 공기 마시러 자연 휴양림 갔던 건데   KBS             ,nature
뽀로로 상어 탐험대 오프닝   뽀로로와 BBC 다큐의 두 번째 만남    올레tv 키즈랜드 자연 백과    우리 아이 첫 자연관찰 뽀로로와 함께해요,nature
하하 HAHA 에게 거침없이 막 던지는 옥자연의 트래시 토크  마녀체력 농구부  Jump like a Witch   회   JTBC        방송,nature
 자연의 철학자들  자연은 어머니다   KBS        방송,nature
자연관찰 상어 Exploring Nature Shark  상어 백상아리 great white shark 고래상어 whale shark 바다에 사는 동물 튼튼영어,nature
성균관대 자연과학계열 소개 영상,nature
자연의 신비   shorts,nature
거대한 소용돌이가 몰아치듯이   Maelstrom by Plum  자연재해 연작 시리즈 첫 번째 ,nature
생존 배낭송   자연재해 서바이벌   생존배낭 만드는 법 알아보기    어린이 안전교육   생활습관동요   주니토니 by 키즈캐슬,nature
자연재해 요네,nature
눈보라를 헤치고 제주의 자연을 담은 영상을 통한 위로와 치유의 메시지   자연의 철학자들   부 바람이 우리를 데려다 주리라  KBS          방송 ,nature
 자연의 철학자들  두려웠지만  인생  막   KBS        방송,nature
의대도 그만두고 사제의 길을 가던 그가 농부라고     세 베르나르도 신부의 특별한 농사일기   자연의 철학자들 KBS          방송 ,nature
  년 자연휴식년제 후 개방  죽음의 골짜기 지리산 칠선계곡  환경스페셜 최후의 원시림 지리산 칠선계곡    KBS          방송,nature
동네 어른들 따라 산에 다니다가 약초꾼이 된 남자   자연이 내어준 것들로만 차린 건강한 밥상   고향민국    골라듄다큐,nature
 닥터조자연한끼  치유밀키트  이렇게 준비하고 있습니다,nature
 자연지      배수기에도 붕어 잘 나오는 수로   충남 간월호 간월 번 수로           ,nature
무의도에 인천 첫 국립자연휴양림 개장   SBS,nature
역대급 힘들었던 김세정X옥자연의  엘레베이터 액션신   경이로운귀환    EP     tvN        방송,nature
초산   주 자연분만 생생한 과정 NO광고,nature
대로변에 유골   구 매장    자연장 논란  R        화 뉴스데스크 ,nature
단음계의 종류   화성단음계   가락단음계   선율단음계   자연단음계,nature
농약도 비료도 필요없이   자연농법 고수의 제값받는    평 당근농사 ,nature
 제대로 알고 갑시다  대장암 대장암  자연치유로 재발을 막을 수 있습니다  part  ,nature
건강한 수면이 보약    GH자연건강이 알려주는 숙면기술,nature
까꿍  동물친구 자연관찰 모아보기  Babies Kids Pikaboo  Animal friends Daekyo noriQ l 대교 노리Q,nature
국립진도자연휴양림 소개,nature
아기를위한 음악   자연의 소리와 함께   두뇌발달에 좋은 음악   클래식음악   안심하십시오  명상과 수면을위한 음악  눈 감고 평화를 느껴보세요  진정해  또한 공부  집중,nature
 제주도 여행  절물자연휴양림의 특별한 힐링스팟  곳에서 만끽하는 숲길 매력과 코스정보 총정리    K,nature
 고  통과  자연선택설  shorts,nature
서울에 딱  곳 남은 자연별곡 최신근황,nature
자연이 가진 기능을 모방한 생체모방기술   YTN 사이언스,nature
이번에 제대로 리뉴얼 오픈했다는 자연별곡  과연 기대해도 괜찮을까 ,nature
아름답고도 무서운 자연 현상 TOP  ,nature
자연 속 수학   YTN 사이언스,nature
리뉴얼한 한식뷔페 자연별곡   진즉에 이렇게 바꾸지   이제는 가고 싶어도 너무 멀어요     ,nature
이걸 어떻게 살아   랜덤으로 나오는 자연재해에서 살아남기  로블록스 ,nature
 자연관찰 클래식 동요  구독이벤트 당첨자 명단  더보기  클릭 ,nature
Plum 자연재해 시리즈 올클리어 ,nature
단  명의 어부만이 늪배를 탄다  우포늪의 특권과 어부의 명맥을 이어가는 자연인의 이야기    자연의 철학자들 KBS          방송 ,nature
 잡초는 없어요  사방팔방에 다 약이 늘어져 있어요  자연의 음식은 약이 된다는 사실  산야초 전도사의 철학   자연의 철학자들   부 산과 들의 선물  KBS        방송 ,nature
 똑  기자 꿀  정보  자연 치즈와 가공 치즈  어떻게 다를까 ,nature
충격적인 자연 현상  화산번개 ,nature
 유라와 자연친구   화  먹물 무기를 가진 문어 바다생물 자연 관찰 학습,nature
기후변화가 가져온 재앙   지구촌 자연재해로 몸살   YTN,nature
까꿍  동물친구 자연관찰 모아보기  Babies Kids Pikaboo  Animal friends Daekyo noriQ l 대교 노리Q,nature
잘나가는 요리 선생님이 산속으로 들어갔다   자연에서 찾은 그녀의 평화는   자연의 철학자들 KBS          방송 ,nature
세상에 널린 재료는 질렸다  업계 최고 일류 셰프가 자연에서 찾은 진짜 맛의 기쁨  셰프의 이유 있는 귀촌 나를 위한 한 끼 산골로 간 셰프 자연 밥상 한국기행 골라듄다큐,nature
자연의 순리대로 사는 은퇴 부부의 힐링동화    내츄럴 휴먼 다큐 자연의 철학자들  부 부부의 뜰        KBS 방송,nature
미리 가보는 휴양림   국립신시도자연휴양림 편,nature
예술로 농사짓는   쌈지 대표 천호균 씨의 자연철학  자연의철학자들 KBS  매주 금 방송  국내여행          ,nature
 자연집  온실의 장점을 집으로 활용한 자연인들   비닐하우스 집 ,nature
  초만 쉬셔요  자연의 소리는 감정을 치유합니다 파도소리  해변 제주바다 세화리,nature
자연부화  부 슬프고 안타까운 자연부화 이야기 ,nature
 노컷TV 평화의 땅 DMZ 자연 생태 다큐  DMZ   년  이제는 생명이다 ,nature
자연관찰 게 Exploring Nature Crab  옆으로 뒤뚱뒤뚱   바다동물 바다에 사는 동물 튼튼영어,nature
제왕절개vs자연분만  소아과 의사의 선택은 ,nature
전객실 오션뷰  낙조가 아름다운 신시도자연휴양림,nature
자연을 듬뿍 찍어 먹은    강호동x문세윤의 참돔 먹방 SSUL   아는 형님    회   JTBC        방송,nature
자연아 고마워  마리샘X꿈고래중창단    디지털 창작동요 음악잡지 월간 마리샘     년   월호 별책부록        위메송프렌즈 창작 유아동요 앨범   유아동요   환경동요,nature
우리가 잊고 있었던 자연의 다채로운 모습,nature
 맛쿨멋쿨TV  알쓸경잡 경북자연과학고등학교,nature
 억대 연봉  은행 임원 은퇴 뒤 숲 택했다  은퇴 후 깨달은 삶의 가치는    자연의 철학자들   부 숲에서 살아가리라  KBS          방송 ,nature
전국에 매장 개뿐   자연별곡 최신근황은  ,nature
미리 가보는 휴양림   국립달음산자연휴양림 편,nature
자연과 함께 살기로 결정한 남자가 그토록 찾아 헤맨 집   수고로 짓고 기다림으로 행복을 더한다   내 마음 쉴 곳 동백숲 작은 집   한국기행  골라듄다큐,nature
   장자연과   차례 통화    임우재 입장은    YTN,nature
실제로 목격되는 지구상 가장 위험한 자연현상,nature
사진 한장을 위해    년의 시간이 걸린다   기자 생활 정리하고 지리산 골짜기 빈집을 전전하며 은하수를 찾는 이유는   자연의 철학자들 KBS          방송 ,nature
자연현상 순간포착 모음,nature
  유퀴즈온더블럭  국내 최초  네쌍둥이 자연분만 부모 유퀴즈 등판  애사심 MAX로 만들어주는 포스co 사장님의 통 큰 선물      갓구운클립,nature
미리 가보는 휴양림   국립가리왕산자연휴양림 편,nature
  요로결석 획기적인 방법 자연배출 공유,nature
 한국인의밥상  이효리 시어머니가 만드는 매력적인 자연  껍질 밥상    버릴 것 하나 없다   어두  육미 그리고 껍질   KBS        방송 ,nature
시립화장장 납골당 포화  자연장지 텅텅            뉴스데스크 울산mbc ,nature
미리 가보는 휴양림   국립변산자연휴양림 편,nature
 라디오스타 담백한 목소리로 부르는 옥자연의  톰보이    MBC        방송,nature
도시 생활 포기하기 어려울 때  귀촌하지 않고 자연에서 사는 방법   사람 살기로는 여기가 최고에요  아파트 즐비한 군포 신도시의 농촌 마을을 선택한 부부,nature
자연갈색에서 발레아쥬옴브레를 한다면    탈색 옴브레 기리쌤,nature
  K 고화질  한국의 아름다운 풍경영상과 파도소리   중간 광고없는 자연영상   푸른바다   힐링풍경 여여행   바다풍경,nature
 산수유 마을 이라 불리는 어느 골짜기의  년 농사를  봄여름가을겨울  자연의 시간에 따라 아름다운 풍경으로 담아낸  감성 에세이   KBS          방송 ,nature
편안한 수면음악 자연의소리 밤소리  수면유도음악  수면명상음악연속듣기   잠잘때 듣는 음악 잠잘오는음악   휴식할때 듣는 음악  조용한 노래 ,nature
폭풍이 몰아치고 해일이 오는 자연재해덱으로 협동전  킹론상  만웨이브 감,nature
 자연인의 밥상  그냥 돼지와는 다르다    오직 자연에서 즐길 수 있는 맛   멧돼지 고기 ,nature
 같이 살아가고 싶은 마음이 곧  자연    자연과 공생하려는 아내의 철학이 울창한 비밀정원을 낳다   자연의철학자들 KBS  매주 금 방송  국내여행          ,nature
 굿모닝대한민국라이브  자연 산다   오지 속 자급자족을 즐기는 남자,nature
마흔살 노산  초산 자연분만 성공했어요   ft 유도분만    서현진티비,nature
 M V  자연은 말린 권진아  Marllin   Full Ver  ,nature
  월 출생아 또 역대 최저   인구   개월째 자연감소   YTN,nature
ASMR 자연의 소리      빗소리   ASMR 상쾌한 빗소리  숙면  수면  힐링  휴식    ,nature
 자연지       월 대물붕어가 기다리는 포인트     충남 서천군 부사호 웅천천            ,nature
자연분만 출산 직후 찾아온 항문 통증    feat  초산모의 감정기복,nature
고작   만 상승해도 급증하는 이상 기후와 자연 재해    의 온도 상승은 지구를 어떻게 바꿀까  올 여름 무더위   우리 괜찮을까  다큐 시선  골라듄다큐,nature
쌍수했는지 성형외과 의사는 알아볼까  자연 쌍꺼풀인지 성형 쌍꺼풀인지 맞춰보세요    닥터 오민,nature
잠을위한 자연의 소리  새소리와 하천의 소리,nature
협착증 자연치유 정말 가능할까요 ,nature
해발 천 미터에 가까운 용암대지  이 혹독한 자연환경에 백두고원 사람들의 삶의 이야기   KBS          방송 ,nature
생태자연도  등급 산림 막무가내 벌채 모두 골프장 예정지   KBS             ,nature
부자농부 자연순환방사 유정란농장 유나네자연숲농장,nature
밀양 도래재자연휴양림으로 놀러오세요 ,nature
 발명이 팡팡  자연에서 힌트를 얻은 발명품,nature
미리 가보는 휴양림   국립검마산자연휴양림 편,nature
미리 가보는 휴양림   국립청옥산자연휴양림 편,nature
자연마망이 서서히 타락해가는 과정    ,nature
 SBS 세가여  자연으로부터 얻는 농법  그 방법은 ,nature
인터랙티브 영화 당신과 자연의 대결  사파리 대탈주   공식 예고편   Netflix,nature
미리 가보는 휴양림   국립용지봉자연휴양림 편,nature
미리 가보는 휴양림   국립두타산자연휴양림 편,nature
우리를 밤잠 설치게 한 벼락이  인도에서는 자연재해 사망  위   벼락으로 연간  천 명이 사망하는 인도 상황   스브스뉴스,nature
아름다운 우리나라 사계절을 담은 힐링 영상   마음이 편안해지는 자연 다큐   지독한 끌림   생태계   다큐프라임    골라듄다큐,nature
  다행이다  이곳으로 오길 잘했다   지리산의 품에 안겨  돈으로도 살수 없는 행복한 나날들을 살아간다   자연의 철학자들   부 지리산에 깃들다  KBS          방송 ,nature
 코스트코추천     맛있고 활용도 좋은      자연치즈 추천해요  자연치즈 성분확인  자연치즈와 가공치즈의 차이 치즈활용팁  소분 보관법  요즘 치즈소개 까지 ,nature
미리 가보는 휴양림   국립청태산자연휴양림 편,nature
최고의 힐링 장소  보령 성주산자연휴양림,nature
자연을 따라 한 생체모방 기술  핫클립    YTN 사이언스,nature
미리 가보는 휴양림   국립중미산자연휴양림 편,nature
자연과 함께하는 아름다운 피아노 음악  편안한 음악  힐링 음악  Beautiful piano music with nature,nature
자연을 모방한 디자인의 세계  shorts,nature
사람의 시선을 압도하는 백두산  백두산의 자연과 생태  그리고 대자연이 빚어내는 배경을 만난다   KBS          방송 ,nature
경남 세 번째 국립자연휴양림 김해에 개장            뉴스데스크 MBC경남 ,nature
자연에서 얻은 음식재료들은 스님의 손에서 예술작품이 된다  스님의 밥상   부  인간극장  KBS 방송,nature
온빛 자연휴양림    숲속의 집   메타세콰이어 숲  ,nature
포르쉐         GTS mk  자연흡기 스포츠카를 소개합니다 ,nature
산음자연휴양림 캠핑 브이로그   명당데크   전사이트 데크리뷰   빅아그네스 카퍼스퍼  플래티넘,nature
미리 가보는 휴양림   국립신불산폭포자연휴양림 편,nature
별  개 가능 소백산자연휴양림 ver          충북 단양 자연휴양림  K ep    ,nature
 살아있는 현장학습  공룡이 가득한 공룡수목원에 가다  자연 관찰,nature
미리 가보는 휴양림   국립유명산자연휴양림 편,nature
서운산 자연 휴양림 캠핑장 여름에도 감기 걸릴 정도로 추운 계곡 캠핑장  서운산 캠핑장 경기도 캠핑장 서운산 자연휴양림 캠핑장,nature
자연과 인간의 조화 정기용의  등나무 운동장    KBS             ,nature
미리 가보는 휴양림   국립아세안자연휴양림 편,nature
까꿍  동물친구 자연관찰 모아보기 Babies Kids Pikaboo  Animal friends Daekyo noriQ l 대교 노리Q,nature
 용인시명예VJ  자연의 향기와 멋을 마음껏 즐길 수 있는 용인자연휴양림,nature
미리 가보는 휴양림   국립희리산해송자연휴양림 편,nature
지구상 가장 지독한 자연 환경에서 어떻게 살아남았을까  우유니 소금사막에도 사람이 살까  태고의 땅  알티플라노 수면 다큐 다큐프라임  골라듄다큐,nature
 임신 준비  임신 잘 되는 방법 알려 드려요   자연임신   계획임신,nature
 에너지이슈   풍부한 미래 천연 에너지원  자연수소,nature
힐링여행  종 세트가 한 곳에  부천자연생태공원의 부천식물원  자연생태박물관  무릉도원수목원 둘러보기  경기도 여행  경기도 가볼 만한 곳,nature
사람의 시선을 압도하는 백두산  백두산의 자연과 생태  그리고 대자연이 빚어내는 배경을 만난다   KBS          방송 ,nature
매몰과 자연유착 무슨 차이가 있을까          ,nature
 엄마 까투리 한글놀이  육식공룡  티라노사우르스편    자연관찰   동물도감,nature
강씨봉자연휴양림 예약전 꼭봐야할 추천명당  박 일,nature
미리 가보는 휴양림   국립운문산자연휴양림 편,nature
어차피 터지는 화산에 쓰레기를 버리면 줄일 수 있지 않을까   자연분해      과학을 보다,nature
미리 가보는 휴양림   국립통고산자연휴양림 편,nature
GNM자연의품격   조정석비타민 꽉 채운 올인원 설계   s ,nature
 수다학  즐거운 수학여행   만지고 체험하며 자연 속 아름다운 수학 원리 배우기   YTN 사이언스,nature
미리 가보는 휴양림   국립용대자연휴양림 편,nature
산음자연휴양림 야영장 데크리뷰   명당추천 사이트,nature
잘 알려지지 않은 치유숲길   충북 옥천 장령산자연휴양림   무장애데크길 포함,nature
미리 가보는 휴양림   국립남해편백자연휴양림 편,nature
경북자연과학고등학교       기숙사 홍보 영상  ,nature
모두가 진심인 이홍내x옥자연의 러브 텐션    경이로운귀환    EP     tvN        방송,nature
탄소중립 중점학교를 찾아서    산자연중학교 편 ,nature
미리 가보는 휴양림   국립운악산자연휴양림 편,nature
 유료광고   단독  펭수  속세와 인연접어  자연으로 떠난 사연은  ,nature
  인기급상승  한국 최초 시베리아 호랑이를 촬영한 감독님  자연 속에 스며들기 위한 그의 노력    고독한훈련사,nature
자굴산자연휴양림 예약전 꼭봐야할 추천 의령여행,nature
몸 쓰는 일은 자신있어  전기하나 없는 자연속에 냅다 들어와 살게 되었다   타인이 보기엔 고통 그러나 나에게는 행복    골라듄다큐,nature
 자연집    년째 유지 중인 황토집부터 두 달 만에 지었다는 황토집까지   ,nature
미리 가보는 휴양림   국립속리산말티재자연휴양림 편,nature
  분 특집 다큐    억 년 동안 풀리지 않은 생명 탄생의 비밀  해설  원호섭   생명의 기원 ,nature
국립 대관령자연휴양림 야영장 사이트 알아보기 강릉 ,nature
미리 가보는 휴양림   국립낙안민속자연휴양림 편,nature
국립방장산자연휴양림의 가을 정취를 느껴보세요 ,nature
 캠핑Vlog  숲속캠핑은 사천케이블카자연휴양림에서  신상 캠핑장 사이트리뷰  힐레베르그 알락,nature
괴산 자연드림파크  박 일 헬스 사우나 찜질방 수영 포켓볼 산책 극장 다 가능,nature
이보다 좋을 수는 없는 용인자연휴양림 숲속의집 방문기  예약방법 및 숲속의 집 상세소개  리뷰 ,nature
미리 가보는 휴양림   국립복주산자연휴양림 편,nature
안동호와 어우러진 선상수상길이 장관인 안동호반자연휴양림,nature
국망봉자연휴양림 캠핑장,nature
풀소유 그녀와의 하룻밤   유명산 자연휴양림 캠핑장,nature
포르쉐     GT   터널에서 자연흡기 엔진      rpm 돌리면 벌어지는 일,nature
  맨손과   맨발로 흙을 딛으며 농사를 짓는다   자연의 철학자들   부  마음농사가 으뜸이라   KBS          방송 ,nature
 자연집   안에 있을 건 다 있어  비닐하우스에 사는 사람들,nature
미리 가보는 휴양림   국립황정산자연휴양림 편,nature
웅덩이 안에서 무슨 일이 벌어지고 있을까     모기 우화   자연다큐   최재천   흰줄숲모기,nature
미리 가보는 휴양림   국립삼봉자연휴양림 편,nature
 장태산 트레킹  휴식과 힐링의 명소 장태산자연휴양림   미터 초대형 메타세쿼이아 힐링숲 트레킹 드론영상,nature
 속보  자연재해가 랜덤 확률로 발생합니다 ,nature
미리 가보는 휴양림   국립용현자연휴양림 편,nature
EP     숲속캠핑   용인자연휴양림 캠핑장   번 데크,nature
산속 깊숙히 조용한 숲속의 집  사계절 멋진 유명산자연휴양림 ,nature
대리석마루의 대표주자 동화자연마루 그란데 이모션블랑으로 멋드러지게 작업해보았습니다 ,nature
자연이 곧 경전이로다   새가 신선이고 도를 함께 닦는 친구인 도연 스님의 삶   내츄럴 휴먼 다큐 자연의 철학자들  부 새처럼 살고 싶어라        KBS 방송,nature
 자연의 철학자들  풀처럼 산다 한들   KBS        방송,nature
미리 가보는 휴양림   국립백운산자연휴양림 편,nature
충남 최고의 명산  오서산 자연휴양림  ,nature
횡성 청태산   초보추천  km  시간 코스   청태산자연휴양림 새소리 가득한 힐링 숲길 걷기   명산     등산브이로그,nature
미리 가보는 휴양림   국립방장산자연휴양림 편,nature
 트리하우스 가 궁금하다면 태백고원자연휴양림 ver          강원 태백 자연휴양림  K ep    ,nature
금강자연휴양림 야영장   가지 장점과 단점  차박  노지캠핑  노지차박  카라반  카라반 캠핑  카라반 캠핑장  금강자연휴양림  금강 자연휴양림 야영장,nature
  월에 꼭 가봐야할 여행지 밀양 도래재 자연 휴양림  밀양가볼만한곳  밀양도래재자연휴양림  경남여행추천,nature
지금 바로 가봐야하는 영인산자연휴양림 추천  짚라인부터 박물관 그리고 수목원까지 즐길거리 다양한 영인산자연휴양림에 가보세요 ,nature
 VLOG  쌍수 브이로그  자연유착   앞트임 붓기 과정 앞트임 흉터 쌍수 한달차 ,nature
어서와  광주자연과학고는 처음이지  ,nature
 vlog   주 초산 자연분만 생생한 출산후기     시간진통   임밍아웃   임신기록   신여성병원 ,nature
  요청영상  자연다큐멘터리는 어떻게 촬영될까요    KBS        방송,nature
죽기전에 꼭 가야할 유명산자연휴양림 숲속의집  수많은 자연휴양림 중 가장 자연에 묻혀 있다는 유명산자연휴양림 ,nature
자연과 함께하는 용인 자연휴양림  캠핑 장비 없어도 됩니다,nature
  온택트숲여행  파래소폭포가 있는  신불산자연휴양림  ,nature
미리 가보는 휴양림   국립미천골자연휴양림 편,nature
미리 가보는 휴양림   국립상당산성자연휴양림 편,nature
  온택트숲여행  아름다운 경치  대운산자연휴양림 ,nature
국내 최초 네쌍둥이 자연분만으로 탄생   SBS    D리포트,nature
성주산자연휴양림에서 피톤치드 힐링  ,nature
동물친구들  안녕 동물 자연상식BabyBus Kids Games,nature
공립 용문산자연휴양림 야영장 사이트 알아보기 양평 ,nature
세조 영혼의 거처 광릉  그리고 금단의 땅 광릉숲  UHD 유네스코 세계유산  부작 자연의 타임캡슐  회 왕을 위한 경배  광릉숲    KBS          방송,nature
  까꿍  파충류 동물친구 자연관찰 대교 노리Q Babies Kids Pikaboo  Animal friends Daekyo noriQ,nature
미리 가보는 휴양림   국립용화산자연휴양림 편,nature
육지와 바다  그리고 시간이 만들어낸 자연의 걸작  갯벌             UHD환경스페셜   편 유네스코 세계자연유산 등재 기획  갯벌     KBS          방송,nature
미리 가보는 휴양림   국립덕유산자연휴양림 편,nature
바람 닿는 대로 태양을 벗 삼아 자연이 주는 대로 먹고 자는 무릉도원의 삶   내츄럴 휴먼 다큐 자연의 철학자들  부 구름처럼 바다처럼        KBS 방송,nature
미리 가보는 휴양림   국립산음자연휴양림 편,nature
ASMR 자연의 소리      빗소리  백색소음  암기  공부  집중력  힐링    ,nature
 VLOG  자연분만 하고 싶은데   제왕절개해야한다고요 ,nature
숨막혔던 출산 브이로그    주  일 초산모의 자연분만 성공기  가진통부터 출산과정 까지,nature
 호수에 손을 넣으면 익어버릴 수도 있어요    인간과 동물 모두가 살아남기 힘든 곳   다나킬   다큐오늘    골라듄다큐,nature
보성 제암산 자연휴양림 더늠길 여름에 걷기 좋은 길 보성 여행 무장애 탐방로,nature
금강 자연휴양림 야영장소개   산림욕 최고 장소   금강을 한눈에 바라 볼 수 있는곳   황토흙 밟을 수 있는 곳,nature
자세만 좋아도 자연 치유되는 허리통증    명의가 알려주는 허리통증 원인과 치료법  허리통증 환자가 꼭 피해야 할 자세,nature
  ASMR 자연의소리  시간   녹차 밭 풍경  새소리  풀벌레 소리   Green Tea Field,nature
전기세 세균 걱정 없는 자연기화식 가습기 추천 BEST    가격  성능 비교 ,nature
  삼시세끼어촌편   자연에서 갓 따온 대왕 전복  회도 치고  국에도  넣은   저녁 밥상 ,nature
    숲속에서 우중캠핑   국망봉자연휴양림  캠핑가서 비만 주륵주륵  포천캠핑장 애견동반캠핑  카라반캠핑  에리바투어링    eriba touring    ,nature
  살 동화작가 전이수가 건네는 자연의 목소리   자연의 철학자들   부  괜찮아  꽃이 있잖아   KBS          방송 ,nature
    년도 대입  논술로 대학 가려면 이건 꼭 알고 가야지  자연계열 논술 총정리 I 나에게 맞는 전형 찾기 I 입시컨설팅,nature
 자연인도 다 계획이 있구나    대부터 계획한   대 중반 퇴직 결심  회사 그만두고 곧장 산으로 들어가   년 동안 집 짓고 사는 남자   지리산 라이프    골라듄다큐,nature
축령산자연휴양림데크정보,nature
     리얼이라고 거짓말하더니 처음부터 끝까지 주작이었던 원시인 유튜버,nature
공립 송정자연휴양림  야영장 사이트 알아보기 경상북도 칠곡군 ,nature
박달재 자연휴양림 캠핑장    충북 제천,nature
도시에서 벗어나 얻은 자연의 포근함  천연 숲소리 모드 ,nature
장수풍뎅이를 구해줘   곤충구조대   곤충치료   자연과학   초등과학   깨비키즈 KEBIKIDS,nature
동해 바다가 가까운 검봉산자연휴양림 ver          강원 삼척 자연휴양림  K ep    ,nature
부천에서 가장 가볼만한곳  부천 추천여행지  자연생태공원,nature
하루종일 놀아도 심심하지않다  자연생태공원에 글램핑장까지  함평의 자연속으로 떠나볼까요   함평  함평자연생태공원  돌머리해수욕장,nature
자연음식 산들바람의 짠된장 살리기,nature
자연과 공존하는 팔당댐  세계 최대규모의 수원지  다큐ON Docu ON    KBS        방송,nature
  k 고화질  아름다운 자연   자연영상   자연풍경   힐링영상   풍경영상   랜선여행   한국의자연   마음이 편해지는 영상   영상소스   중간광고 없음   엔티비스튜디오,nature
남원 인월전통시장  국립지리산자연휴양림               ,nature
산골낙원 자연인땅 자연을 벗삼아 산골 시골살이 하실분 보세요 밭   평      만원  땅지통 ,nature
자연치료의 제왕  치료용 올리브 오일 사용법  여러편의 영상을 몰아보기로 봅니다 ,nature
중국반응 자연한테 개X다가 천 벌 받는 중국   ,nature
동탄 무봉산 자연휴양림 개장임박  숲속 캠핑장  자연속의 휴식처,nature
자연   G는 뭐가 다를까  ,nature
누리과정   월 동요 모음   환경과 생활   자연 환경의 소중함을 함께 노래해요 ,nature
쌍수 브이로그  붓기 빠지는 과정  자연유착   윗트임    주차   수면마취 후기,nature
 Eng 출산특집   출산 브이로그  자연 분만  일주일 진통 기다리며 먹부림   순산 기 받아가세요  ,nature
자연에서 솜사탕  초만에 만드는방법,nature
 다큐 몰아보기  DMZ  부작     끝나지 않은 전쟁   자연생태계   민통선 개척민   두 얼굴의 DMZ  KBS 방송 ,nature
전 세계 곳곳에서 일어나는 설명할 수 없는 자연현상들,nature
대만의 자연온천  온천 노지에서  박  일   대만  세계여행     ,nature
자연미인인줄 알았는데 충격적 과거 사진 들통나버린 걸그룹 멤버 TOP ,nature
 출산vlog     주  일  초산모 자연분만 출산 유도분만 잡았다가 자연진통 걸림 ,nature
무인도에는 모든 게 자연이고 엄청 바쁩니다    두릅 캐야지  통발 던져야지  나물 캐야지  약초 캐서 술도 담가야지오늘은 처음부터 끝까지 싹 다 자연산 입니다  자연인  참새구이,nature
 무봉산 자연휴양림    년 월 개장 동탄 야영장 캠핑장 숲속의집 잔디광장 ,nature
청도자연휴양림,nature
K휴양림 시즌  평창자연휴양림 어디에도 소개가 없어서 주저했지만 정말 힐링이었던 둥지 같은 곳 ,nature
자연생성이란게 믿기지 않는 마인크래프트 속 신기한   가지 시드들  편,nature
세컨하우스의 끝판왕을 보는거 같네요    현장건축비 포치 평 무료이벤트로 평당  백만원대 목조주택을 만나볼 절호의 기회     소형주택 세컨하우스 전원주택 펜션 별장 자연과공간,nature
공립 붉은오름자연휴양림 야영장 사이트 알아보기 제주도 ,nature
마음이 편안해지는 힐링음악 숲 속 휴식음악 모닥불 소리 스트레스 해소음악 명상음악    With Coffee ,nature
인간이 만든 실내의  미터 자연  초대형 팔루다리움 만들기   Nature Indoors Created By Humans   Making a  M Paludarium,nature
최고의 힐링  금산 남이자연휴양림 층층나무방 통나무숲속의집 금산 인삼 튀김에 인삼 막걸리까지   남이자연휴양림 금산산림문화센터 금산인삼 피톤치드 힐링스팟,nature
 유라  장난감 toy  과학 실험 점토 클레이 공룡 자연 화산폭발 clay dinosaur a volcanic eruption 공룡이 사라진 이유,nature
  놓치면 후회하는 BEST 국내 여행지      세계가 인정한 자연 경관      당일치기 여행코스 추천   UNESCO Global Geopark in Korea,nature
 자연유착 지방제거  쌍수 했어요 븨로그  당일부터   일 차까지  ,nature
자연가슴 C컵 VS 수술가슴 C컵 도대체 무슨 차이가 있을까  ,nature
입이 딱 벌어지는 자연의 절경  투명하고 푸른 빙하를 걷고 돌고래와 수영하는 곳    뉴질랜드 남섬    여행 Trip to New Zealand  KBS          ,nature
사막 한가운데 수백 개의 거대한 물웅덩이가 생긴 이유  경이로운 자연에 우연은 없다 세상에서 가장 놀라운 사막 세계테마기행  골라듄다큐,nature
        특대품 수연자연군생 환엽롱기시마자연군생 오팔리나금 난봉옥 레드문철화 러블리로즈금무지 그리고 다나신상규빅 스피드다육               전국택배가능 유료광고포함,nature
 VLOG  출산 브이로그 초산모 자연분만   주  일차 자연진통 진통  시간만에 자연분만 성공     ,nature
공립 비슬산 자연휴양림 계곡  숲속의집  휴양관  콘도     둘러보기 대구 달성군 ,nature
Q 하반신 마비인데 자연임신 가능한가요    휠남들의수다 EP ,nature
시원한 계곡물이 콸콸 흐르는 경기도 자연휴양림 가보세요  이곳은 경기도 가평 칼봉산자연휴양림입니다  경기도계곡  계곡추천  가평계곡  칼봉산자연휴양림  여행지추천  여름휴가지,nature
출산vlog     KG  시간만에 자연분만 성공 후기  진통꿀팁 산전요가 만보걷기,nature
 자연미인X 최강미인O  고  쌍수 브이로그,nature
자연유착 쌍꺼풀 수술은 거짓말이다  성형외과의 잘못된 마케팅 ,nature
  신랑수업   둘이 진짜 뭐야     동완 윤아의 자연스러워진 스킨십  김동완  스킨십   요즘남자라이프 신랑수업    회,nature
Forest  K   Nature Relaxation Film   Peaceful Relaxing Music    k Video UltraHD,nature
  월 출생아 또 역대 최저   인구   개월째 자연감소   YTN,nature
  월   일  두화소심 소진  호  서반사피  백호  중투  쭈구리단엽  입변중투  호피반  중투호 송정 올려봅니다 ,nature
 ENG SUB  국내여행 다큐   국내에서 가장 아름다운 호수 산책길과 일출  운해를 만나는 여행   대청호 오백리 길  노고산성  장태산 자연휴양림   대전여행  국내여행지추천,nature
         분만에 잠드는 빗소리 잠 잘 오는 수면과 휴식 을 위한 자연의 백색 소음  부드러운 빗소리  공부을 위한 집중력 향상  자장가  불면증 해결  자연의소리  ASMR,nature
자연속에 있는 비밀온천 즐기기  대만 여행  ,nature
너무 자연 스러워,nature
물고기가 어떻게 섬을 만들까  패럿피쉬    코코넛 열매의 바다 여행   산호 생태계    EBS 자연다큐   커넥션,nature
The Ocean   K UltraHD   Relaxation Film   Peaceful Relaxing Music    k Video UltraHD,nature
NO     좀처럼 찾아보기 힘든 리얼 숲세권 천혜 자연환경을 누리며 몸도 마음도 치유가 될 것 같은 곳  단지형 전원주택으로 공간과 디자인까지 보면 볼수록 매력에 빠져드는오늘의집,nature
  월 출생아 또 역대 최저   인구   개월째 자연감소   YTN,nature
 SUB  RAW BIRTH VLOG in Korea    출산브이로그  무통 없이 자연분만   자연주의 출산 후기     시간 진통 끝에 만난 아기  ,nature
공덕을 지으니 자연스레 따라오는 복덕  TOP   광우스님 소나무 주제별 몰아보기 ,nature
 힐링 자연의소리  shorts,nature
베란다 다육이 햇빛 없는 자연빛도 이쁘네요 하루도 거를수없는 다육이들 모닝 인사해요  ,nature
필리핀 세부 Cebu Philippine  은혜  찬양  감사  자연  산책  지구여행  BluewaterMaribago,nature
자연에서 만든 일회용 목걸이,nature
음악과 자연의 소리  편안한 음악과 새소리,nature
   자연의 기이한 현상,nature
 힐링음악  자연의소리 힐링여행  행복해지는음악,nature
잔잔하고 평화로운 카페 피아노 음악 l GRASS COTTON ,nature
뜨거워진 바다가 우리 삶을 위협한다   전세계에서 벌어지는  극한의 이상기후   KBS 다큐인사이트          방송,nature
자연  신비로운 놀라운 shorts,nature
  대에 자연임신 성공한 산부인과 의사 가 알려주는 임신  꿀 팁    이건 절대 먹지 마세요      노노산부인과 ep   ,nature
 울산  자연숲과 인테리어가 정말 예술인곳    특별한날 특별한 음식이 생각날땐   부조화숲 ,nature
VLOG   주 일 유도분만   시간진통 유도분만성공 초산 유도분만 꽃별이 만나는날 자연분만후기 유도분만후기 출산리얼후기 임산부졸업 호랑이띠맘,nature
아름다운 베트남의 자연 Nature in Vietnam  Beautiful Earth,nature
방재건축 된 집에 살고 계신가요  화재  지진  자연재해에 강한 집   tiktok  지진 화재 소형주택,nature
자연 건조되 더 고소하고 달콤한 맛을 자랑하는 잣  겨울 도라지도 밥상에 빠질 수 없다는데  가장 달콤한 잣  도라지 한 상  한국인의 밥상 KBS          방송 ,nature
  HOUR  K DRONE FILM   Earth from Above    Music by Nature Relaxation   Ambient AppleTV Style ,nature
암시장 가격    당  천  백만 원  금보다 비싼 코뿔소 뿔  밀렵이라는 위험한 유혹을 부추긴다    KBS          방송 ,nature
 나 여기 도착 아닌데   옆 나라에서 착륙을 원전 멈추고 기차 멈추고  일상이 마비  겨울 폭풍이 유럽을 덮쳤습니다   현장영상    SBS,nature
혓바닥 피어싱이 위험한 이유  ,nature
 자막뉴스  제주    살된 신성한 천연기념물  이대로 보내긴 이르다    KBS            ,nature
울산  바다남  낙서범  집안 남자들 좋은 기운 받으라고      지금이뉴스    YTN,nature
높이     m  지리산  대 봉우리 중 하나인 지리산  노고단   사계절 모두 절경으로 매년 인산인해를 이룬다  KBS          방송 ,nature
결국 자연발화한 구원    날 살린 거야    아니  날 살린 거야   마이데몬  MyDemon l SBSNOW,nature
자연에서만 누리는 특권  shorts,nature
FLYING OVER NEW ZEALAND   K UHD    Calming Music With Spectacular Natural Landscape For Relaxation,nature
물소리 계곡 자막없음  K 영상 ASMR SOUND OF NATURE 겨울 잠시 쉼,nature
 경남 주말 문화  바람에 실려 바람이 그린  무위자연    KBS             ,nature
  Wildlife   K UHD          Relaxing Music With Beautiful Nature   Animals Videos  K Video Ultra HD ,nature
새소리 향기로운 자연 속   시간의 평온한 힐링 음악   Birdsong Bliss in Nature    Hours of Serene Healing Music   ,nature
  월 출생아 역대 최저 인구   개월째 자연감소   연합뉴스TV  YonhapnewsTV ,nature
지난해   월 출생아 역대 최저 고령화에 사망자도 증가   KBS             ,nature
 바다남  낙서하고 주변엔 속옷 놓고   잡고 보니  액운 막고  좋은 기운 받으려고  뜨는 이슈,nature
닿으면 피부병 생기던  죽음의 강  반전 유네스코 우수하천 됐다,nature
울산 대왕암공원 낙서범 검거  액운 막으려고    연합뉴스TV  YonhapnewsTV ,nature
헤엄쳐와 무덤 파헤치고 전라남도 섬에서 벌어지는 일  뉴스다   JTBC News,nature
제주 산지에 대설특보 모레까지 강추위   KBS             ,nature
무인도에서   년째 홀로 휴가를 즐긴다   고생처럼 보이는 것 자체가 노는 즐거움이라는데   유명 관광지보다 무인도를 선택한 이유는   KBS          방송 ,nature
청남대 관람객    만 명 목표    체류형 관광지로     YTN,nature
울산 대왕암공원  바다남  낙서범 붙잡혔다 범행 이유   SBS   뉴스딱,nature
 자막뉴스   그동안 사랑해주셔서 감사합니다    지하실로 가는 대한민국   YTN,nature
박쥐들이 얼음 밑에 매달려 있다   꽃구경 황영웅   한탄강    a beautiful icicle,nature
 영인산자연휴양림  산림박물관  아이와가볼만한곳  아산시  육아브이로그  육아일기,nature
Hymns of Nature Volume II,nature
영국서 멸종위기종  서부로랜드고릴라  새끼 탄생  현장영상    KBS            ,nature
 k UHD Dragon Waterfalls  Water White Noise  Relaxing Waterfall Sounds for Sleep  Study     hours ,nature
Hymns of Nature Volume III,nature
전북 도내 풍경을 한 자리에서 홍성모 작가 초대전 개최   SBS,nature
중국 또  리튬  대규모 매장지 발견   한국 배터리 산업 긴장  지금이뉴스    YTN,nature
Hymns of Nature Volume I,nature
 와글와글  물살에 날아간 문짝 미군기지 삼킨 파도             뉴스투데이 MBC ,nature
FLYING OVER JAPAN   K UHD    Soft Piano Music With Beautiful Natural Landscapes To Calm Your Mind,nature
 자막뉴스  화장지 콘택트렌즈에도 있는 그것   만성 질환 유발   YTN,nature
폭설로 비행기 못 탄 여행객들에   이부진의  통 큰  클라스  지금이뉴스    YTN,nature
 이 시각 세계  미국   북극한파  물러가고 홍수 위험             뉴스투데이 MBC ,nature
폭우 속 개울 건너다 차 전복   시간 버텨 구조돼  오늘의 영상    KBS             ,nature
혹한 풀리자 이번엔 물난리난     뉴스A,nature
청정 고원의 기운을 담은  약도라지    전북 진안    시 내고향         목 ,nature
   신년 기자회견 대신 단독 인터뷰 검토   이유는    YTN,nature
 네가 돼지  올림픽공원   여 곳 스프레이 낙서  굿모닝 MBN ,nature
검붉은 화엄사 홍매화  천연기념물  지정   YTN,nature
잔잔한 파도 소리와 함께하는 숙면음악  시간  janjanhan pado soliwa hamkkehaneun sugmyeon eum ag   sigan  ,nature
카이스트 등     대입서 대학수준 문제 출제 시정명령   연합뉴스TV  YonhapnewsTV ,nature
SKY 정시 합격자들 대거 포기    인재 블랙홀  우려  지금이뉴스    YTN,nature
 과학도시  생폴레뒤랑스  핵 연구 중심지 가장 비싼 건물 있는 곳   YTN 사이언스,nature
 이슈    일까지 한파 계속 전국 영하   도 영하  도 예상  기록적 한파 원인은 지구 가열화      년  월   일 수  KBS,nature
이준석 양향자 합당   이낙연 민주 탈당파도 통합 속도   YTN,nature
 김 여사 사과   김경율 사퇴      출구전략 갑론을박   YTN,nature
종이배처럼 떠내려갔다 북극 한파 지나간 미국 상황   SBS  뉴스,nature
검붉은 화엄사 홍매화  천연기념물  지정    YTN,nature
 글로벌K  러 우 전쟁 전 후방 구분 없는 총력전 가나   KBS             ,nature
수달 가족 서식하는 순천 동천             뉴스데스크 여수MBC ,nature
  월 출생아 역대 최저  만  천 명 밑으로   SBS,nature
Full video  The house was flooded  the process of preparing wood to build a new place ,nature
또 역대 최저 출생 어디가 바닥인가   SBS    D리포트,nature
 YTN 실시간뉴스  트럼프 대세 굳혀   바이든도 첫 경선 압승   YTN,nature
창살 없는 감옥 빙판길에 갇힌 주민들   SBS    D리포트,nature
중국 윈난성 산사태   명 매몰 신장서 규모   강진             뉴스투데이 MBC ,nature
   신설 과학기술수석에 박상욱 서울대 교수 임명   YTN,nature
 김 여사 사과   김경율 사퇴      출구전략 갑론을박   YTN,nature
전청조  책 써서 피해 보상    폭설 속에 이부진의  통 큰 제안   프레스룸LIVE LIVE PICK ,nature
이준석 양향자 합당   이낙연 민주 탈당파도 통합 속도   YTN,nature
겨울 폭풍 덮친 영국 아일랜드  명 사망 교통 대란   SBS,nature
            목    정부  경남 부산 울산 등 광역급행철도 추진 ,nature
이준석 양향자 합당   이낙연 민주 탈당파도 통합 속도   YTN,nature
 뉴스라이더  채무조정 신청     년 이후 최대   원인은 고용불안    YTN,nature
중국  심봤다    하얀 석유  리튬 광맥 발견  진짜   뉴스in뉴스     KBS             ,nature
 하수분다육자연신상 캐비어 사탕금 야스민 랄라 탱고금 보라카이 누다 먼로금,nature
   흑인 골키퍼 향한 인종차별  심각  감독  있을 수 없는 일      YTN star,nature
검찰  오송 참사 충청북도 실무책임자  명 구속영장 청구   KBS             ,nature
 세계를 가다 일상이 된 일본의  방재 대비    뉴스A,nature
 톺뉴스  텀블러 열풍  환경에는 글쎄   shorts,nature
            목     대리수술 맡긴 의사 더 있다  추가 폭로 나와,nature
공무원 연루 의혹 외  간추린 뉴스    KBS             ,nature
 미리보는오늘  한동훈   대학서 현장 간담회    롤스로이스 사망  가해자   심  선고   YTN,nature
  퀵뉴스      내일까지 전북 곳곳 눈 정읍   cm 넘게 쌓여   음악 뉴스 라이브         화,nature
 뉴스  꾹    바위 틈 속옷 박스  뭐지    바다남  정체는   대 여성             MBC뉴스 ,nature
사라지지 않는 화학물질  과불화화합물      일상 곳곳 존재   YTN,nature
 YTN특집  우리의 삶을 바꾸는 실내 환기   YTN,nature
 에디터픽  김정은 일가는  사치품 플렉스     고위직 MZ는 탈북 행렬   YTN,nature
미국  북극 한파 가고 이번엔 폭우  천만 명 위협  굿모닝 MBN ,nature
 최보라 김현정   이낙연  수모 당하는 중   이준석 개혁신당에 끌려다녀 ,nature
 최경영의 경제오도독   기본이 안 된 정신 나간 자본주의    대통령 상속세 걱정에 덩달아 나선 경제신문,nature
 자막뉴스   굉장히 의문이죠  전문가도  깜짝  지자체 발목 잡히자 하는 말이   JTBC News,nature
전북 히든 챔피언  CES참여 기업 대성 스마트 하이브 김이정 팀장   전북테크노파크 진일권 팀장   패트롤전북         화 ,nature
 오송 참사  충청북도 책임자  명 구속영장   KBS             ,nature
 핫클립  농가들에게 최적의 재배 환경을 제공하는 스마트 농업 기업   YTN 사이언스,nature
오송참사 수사본부  충북도 실무책임자에 구속영장 청구   연합뉴스TV  YonhapnewsTV ,nature
야생 멧돼지와의 충돌  이럴수 이슈    KBS대전          방송,nature
가입한 적 없어도 혜택  우리동네 무료 보험 이용하세요    연합뉴스TV  YonhapnewsTV ,nature
Iseltwald   The Pearl of Switzerland in the Heart of the Alps   The Most Beautiful Swiss Village,nature
   홍해에서 후티 없앤다   미국 이란 충돌  레드라인  경고등,nature
대통령실  김경율 출마하면 비대위원 사퇴해야  압박   뉴스A,nature
 자연  s Stay  자연에머물다 실시간 방송,nature
Ultimate Tour Around the World in  K ULTRA HD    K TV,nature
강 따라   km  시간   분의 여정  기차는 변했지만 청춘과 낭만은 여전하다  새롭게 태어난 경춘선   시간  다큐 일 KBS          방송 ,nature
댓글 달면 경품 유산균먹인 자연방사 유정란   구  판  일주일에 한분 추첨 택배 발송,nature
 Sound Therapy  자연의 소리와 어우러진 피아노 연주곡이 머리를 맑게 해주고 심신을 안정시켜 우리 몸에 힐링을 가져다줄 것입니다 ,nature
자연농 겨울 비닐하우스를 소개합니다    하늘뜨락자연농원   shamayim garden,nature
  테마가 있는 자연예술학교,nature
자연음식 산들바람의 돼지머리 편육,nature
기후 재난 영화  투모로우  현실 되나 얼어버린 폭포에 비행기 비상착륙까지  굿모닝 MBN ,nature
 생중계       기후 전망과 전략     인의 대화             오후 ,nature
소나무캐기 요렇게 했더니    생존  소나무 자연곡 옮겨심기 정원수만들기 소나무 노후취미,nature
결과지하수형 개심자연형 고슴도치수형의 결과지 전지기법 수세를 배제한 전지기법,nature
머리가 맑아지는 숲 속 치유음악    시간 자연 명상음악  아침명상음악  아침음악   힐링음악  스트레스 해소 음악,nature
 단장면 전원주택   단장면 자연과 하나되는 주말 주택 매매  단장면사무소 인근조용한 숲 속  밀양부동산 밀양전원주택     매물번호          밀양전원주택매매 밀양단장면주택,nature
자연 힐링   별 자연 힐링 테라피 별,nature
DIJAMIN BETAH  MENIKMATI HIDUP DI KAMPUNG YANG INDAH ALAM DESANYA  SUASANANYA ADEM  AYEM   TENTRAM,nature
자연분만VS제왕절개 남편과 함께 보세요,nature
고사난자 느낌이 오잖아   자연배출 유산 리얼 후기   모든게 아니라고 신호를 보내고 있었다 ,nature
suasana pagi di desa terindah    surga alam pedesaan  desa palumbungan purbalingga ,nature
새와 음악 황영웅 미운사랑  자연열차  naturetrain,nature
파타고니아 Patagonia 아름다운 자연의 보고 ,nature
       손봄향 라이브  환불배째세요 자연피임법 ,nature
Pesona Gadis Desa Cantik di Kampung Indah  Aktivitas di Sawah    Indonesian Girl Rural Life,nature
DIJAMIN BETAH  MENIKMATI HIDUP DI KAMPUNG YANG INDAH ALAM DESANYA  SUASANANYA ADEM  AYEM   TENTRAM,nature
새와 음악 이미자 찔레꽃  자연열차  naturetrain,nature
끝까지 기분 좋게 커피 마시는 방법    쓰레기줄이기  제로웨이스트  자연보호  용기내  소창,nature
시대를 거스르는 자연흡기 구형 C   AMG 그리고 터보 르반떼 배기음,nature
Suasana Pagi Di Dapur Bersama Nenek   Suasana Pedesaan Jawa Barat  Garut Peundeuy  Village Indonesia,nature
힐링 소리  자연의 소리  물소리  잠 안 올 때 듣는 소리  파도 소리   백색소음  힐링음악  수면음악  잠안올때 듣는 음악  수면유도음악  불면증음악,nature
시험관아기시술 시 배아를 죽이는 자연살해세포  도대체 뭐 하는 세포인가요   시험관아기시술  광주난임병원  시험관아기,nature
INDAH BANGET    MENIKMATI SUASANA DI DESA  BIKIN RINDU MUDIK LEBARAN DI KAMPUNG INDAH ALAM DESANYA,nature
shorts     자연속  힐링  가족과함께보는  수석  수석탐석,nature
록키 자연이 만든다리,nature
없던 눈썹을 만드는게 기술입니다   울산자연눈썹  울산반영구  울산눈썹,nature
이런 증상 있으면 빨리 해독하라는 응급신호   하늘마을 힐링센터 유소영 원장 ,nature
  세기에 발생한 최악의 자연재해 Top  ,nature
자연의 소리 백색소음 숲속 새소리 바람소리 asmr Sound of birds and wind ASMR,nature
자연 속에서 휴식 할 수 있는 장소  a place to relax in nature   자연   휴식   여행장소,nature
 폭포암 구절폭포 폭포소리 자연의 소리 물소리,nature
         자연사랑 강추에 건강 잘 챙기세요 멋진 함박눈이 왔어요 언제든지 보고 싶을때 볼려고요 항상 잊지않고 찾아 응원 해 주셔서 너무 고마워요   사랑해요    ,nature
양평전원주택 급매 억 천   청정한 자연환경  부모님 살기좋은 단층주택  NO      번 ,nature
Indonesian Muslim village girl life  Pesona Gadis Desa Garut Cantik  Suasana Pedesaan Sunda Talegong,nature
 굿모닝월드 최초 체외수정 임신 성공  흰코뿔소 멸종 막나  굿모닝 MBN ,nature
현장 속으로  반달가슴곰의 제주살이  KBS제주       방송,nature
아플까봐겁나요  생애첫눈썹   눈썹반영구  눈썹문신  자연눈썹  눈썹,nature
            금    경남도의회  전기요금 차등화로 균형발전 ,nature
자연발효에서 나온다는 개나리꽃 같은 노란곰팡이,nature
 이슈  오늘도 전국이 영하권 강추위 내일 차차 풀려  기록적 한파 원인은 지구 가열화      년  월   일 목  KBS,nature
            금    달빛철도특별법 국회 통과    영호남 시대 연다 ,nature
자연 속 겨울 나들이,nature
여긴 도시인가요  자연인가요  정답   싱가포르  ,nature
조용한 자연속 계곡물 새소리 자연 소   quiet natural valley water  birdsong  nature,nature
 이 시각 세계  손 쓸 틈 없이 물에 떠내려 가는 차량 미국 샌디에이고에  물폭탄              뉴스투데이 MBC ,nature
새와 음악 이미자 섬마을 선생님 자연열차  naturetrain,nature
연천 자연밥상 서식 야옹이 난로 앞에서 호강중,nature
   초 리포트  거센 물살에 전복된 차량  그 위에서   시간 고립   KBS            ,nature
세계에서 가장 환상적인 자연 경관을 가진 나라 TOP   자연  경관  나라,nature
악성곱슬도 자연스러워야죠      대구미용실  곱슬머리  보브단발  물광펌  fyp  shorts,nature
새와 음악 황영웅 미운사랑  자연열차  naturetrain,nature
마음을 편안하게 다스리는 자연의 소리와 은은한 힐링음악 ,nature
 LIVE  전국 곳곳에 비나 눈 오늘 밤 수도권 강원 한파 주의보 내일 아침부터 나흘간 강추위 이 시각 CCTV     년  월   일 일  KBS,nature
 네가 돼지  올림픽공원   여 곳 스프레이 낙서  MBN 뉴스  ,nature
Into nature with me   나와함께 자연속으로 ,nature
자연의 소리  Sounds of nature 계곡물소리 새소리  힘차게 쏟아지는 폭포소리에 스트레스해소    백색소음    수면효과,nature
Kampung Indah Impian Semua Orang  Jumpa Hei Gadis Desa Masak Tumis Kacang  Suasana Pedesaan Sunda,nature
새와 음악 황영웅 미운사랑  자연열차  naturetrain,nature
대한민국의 자연을 라이브로  아름다운 설경의 실시간 여행 ,nature
깊은 휴식을 위한 자연의 소리  비 소리와 정글 사운드   불면증 완화 및 휴식,nature
계곡물소리 새소리   자연의소리 영상   명상  공부  휴식  수면 효과음 백색소음     맑은 새소리와 함께 커피 한 잔의 여유를 백색소음 Forest Birds Chirping,nature
       K  자연의 기울어진 나무와 계곡의 흐르는 물소리 수면  명상  휴식  독서에 좋은 자연사운드,nature
  최대    이상 할인    점점 더 예쁘고 점점 더 착해지는 자연군생 맛집    succulentplant      ,nature
중국 윈난성 산사태   명 매몰 신장서 규모   강진  Shorts  MBC뉴스 ,nature
 eyebrows  강남눈썹문신  눈썹디자인  남자자연눈썹  로렌브로우  눈썹문신  눈썹  서울눈썹문신    문신제거,nature
도시와 자연의 생기를 모두 느낄 수 있는 대구광역시   더 로드   회 대구광역시 편  대구광역시  대구,nature
겨울 산행으로 좋은 민주지산 최단코스는 자연휴양림,nature
냉동  다슬기    알을 깠다고   자연의신비   아기다슬기 ,nature
밭 전체에 자연 면역체계  부   항생제와 장내미생물 그리고 농약과 토양미생물의 공통 현상,nature
 출산 VLOG    주 일 제왕절개  임산부 졸업  초산모의 출산 브이로그,nature
 naturalfarming  자연농법  무경운,nature
아름다운 자연풍경 화가 임종헌의 예술세계 풍경화 유화 서양화가 Magomed Zacriev 러시아 작가 작품감상,nature
꿀잠보장   분안에 아침까지 딥슬립     편안한 숲속의 모닥불과 자연의소리 중간광고   bonfire  theforest,nature
 북극한파  속 더 혹독한 산골의 겨울나기             뉴스데스크 안동MBC ,nature
키르기스스탄 수도부터 자연까지         p시청,nature
 근심걱정과 잡념을 태워주는 불멍 깊은밤 모닥불 새 소리 ASMR 힐링 명상 수면의 시간,nature
예상 못한 풍경 Unexpected Scenery,nature
Into nature with me   나와함께 자연속으로,nature
스트레스해소와 자연의 세계로,nature
소백산 어의곡코스 비로봉 천동탐방안내소 눈꽃세상에 빠지다 비로봉운해 소백산에 칼바람이 없어졌다,nature
황토방메주  지푸라기로 자연 발효한 전통메주,nature
너무 너무 아름답지만  가지 마세요  구름위로 솟은 바위산,nature
세계에서 가장 신비로운 자연 현상이 일어나는 장소는 어디일까요 ,nature
Into nature with me   나와함께 자연속으로,nature
 시간 마음에 안정을 주는 시냇물 소리 ASMR   Forest Stream Water Sounds for Sleeping White Noise,nature
 CBS 뉴스   지금은 영성 관광 시대  기독교문화체험관 건립,nature
추워도 너무 추운 겨울  그래도 뭉개구름이 아름답게 덮혀주어 위안을 삼네요  봄을 기다리며    자연  자연의미화  중앙호수공원  벚꽃명소  서산여행,nature
꿀잠보장   분안에 아침까지 딥슬립     편안한 숲속의 모닥불과 자연의소리  bonfire  theforest,nature
한탄강 물윗길 기암절벽  전유진 남이가   트레킹,nature
서산은 지금 영하 도 지금도 강풍을 동반한 눈발이 날리고 있네요  서산시  바람개비  눈발  자연의미화,nature
